,SPD_age,EOD_age,AOD_age,DI_age,DiscIndex_age,SPD_gender,EOD_gender,AOD_gender,DI_gender,DiscIndex_gender,Accuracy,F1_score,Precision,Recall,DcI_age,DcI_gender
1,0.0,0.0,0.0,1.0,,0.0,0.0,0.0,1.0,,0.9,0.9473684210526316,0.9,1.0,0.007525910635186817,0.8353508255359986
2,0.0,0.0,0.0,1.0,,0.0,0.0,0.0,1.0,,0.9,0.9473684210526316,0.9,1.0,0.007525910635186817,0.8353508255359986
3,0.0,0.0,0.0,1.0,,0.0,0.0,0.0,1.0,,0.9,0.9473684210526316,0.9,1.0,0.007525910635186817,0.8353508255359986
4,0.0,0.0,0.0,1.0,,0.0,0.0,0.0,1.0,,0.9,0.9473684210526316,0.9,1.0,0.007525910635186817,0.8353508255359986
5,0.0,0.0,0.0,1.0,,0.0,0.0,0.0,1.0,,0.9,0.9473684210526316,0.9,1.0,0.007525910635186817,0.8353508255359986
6,0.0,0.0,0.0,1.0,,0.0,0.0,0.0,1.0,,0.9,0.9473684210526316,0.9,1.0,0.007525910635186817,0.8353508255359986
7,0.0,0.0,0.0,1.0,,0.0,0.0,0.0,1.0,,0.9,0.9473684210526316,0.9,1.0,0.007525910635186817,0.8353508255359986
8,0.0,0.0,0.0,1.0,,0.0,0.0,0.0,1.0,,0.9,0.9473684210526316,0.9,1.0,0.007525910635186817,0.8353508255359986
9,0.0,0.0,0.0,1.0,,0.0,0.0,0.0,1.0,,0.9,0.9473684210526316,0.9,1.0,0.007525910635186817,0.8353508255359986
10,0.0,0.0,0.0,1.0,,0.0,0.0,0.0,1.0,,0.9,0.9473684210526316,0.9,1.0,0.007525910635186817,0.8353508255359986
11,0.0,0.0,0.0,1.0,,0.0,0.0,0.0,1.0,,0.9,0.9473684210526316,0.9,1.0,0.007525910635186817,0.8353508255359986
12,0.0,0.0,0.0,1.0,,0.0,0.0,0.0,1.0,,0.9,0.9473684210526316,0.9,1.0,0.007525910635186817,0.8353508255359986
13,0.0,0.0,0.0,1.0,,0.0,0.0,0.0,1.0,,0.9,0.9473684210526316,0.9,1.0,0.007525910635186817,0.8353508255359986
14,0.0,0.0,0.0,1.0,,0.0,0.0,0.0,1.0,,0.9,0.9473684210526316,0.9,1.0,0.007525910635186817,0.8353508255359986
15,0.0,0.0,0.0,1.0,,0.0,0.0,0.0,1.0,,0.9,0.9473684210526316,0.9,1.0,0.007525910635186817,0.8353508255359986
16,0.0,0.0,0.0,1.0,,0.0,0.0,0.0,1.0,,0.9,0.9473684210526316,0.9,1.0,0.007525910635186817,0.8353508255359986
17,0.0,0.0,0.0,1.0,,0.0,0.0,0.0,1.0,,0.9,0.9473684210526316,0.9,1.0,0.007525910635186817,0.8353508255359986
18,0.0,0.0,0.0,1.0,,0.0,0.0,0.0,1.0,,0.9,0.9473684210526316,0.9,1.0,0.007525910635186817,0.8353508255359986
19,0.0,0.0,0.0,1.0,,0.0,0.0,0.0,1.0,,0.9,0.9473684210526316,0.9,1.0,0.007525910635186817,0.8353508255359986
20,0.0,0.0,0.0,1.0,,0.0,0.0,0.0,1.0,,0.9,0.9473684210526316,0.9,1.0,0.007525910635186817,0.8353508255359986
21,0.0,0.0,0.0,1.0,,0.0,0.0,0.0,1.0,,0.9,0.9473684210526316,0.9,1.0,0.007525910635186817,0.8353508255359986
22,0.0,0.0,0.0,1.0,,0.0,0.0,0.0,1.0,,0.9,0.9473684210526316,0.9,1.0,0.007525910635186817,0.8353508255359986
23,0.0,0.0,0.0,1.0,,0.0,0.0,0.0,1.0,,0.9,0.9473684210526316,0.9,1.0,0.007525910635186817,0.8353508255359986
24,0.0,0.0,0.0,1.0,,0.0,0.0,0.0,1.0,,0.9,0.9473684210526316,0.9,1.0,0.007525910635186817,0.8353508255359986
25,0.0,0.0,0.0,1.0,,0.0,0.0,0.0,1.0,,0.9,0.9473684210526316,0.9,1.0,0.007525910635186817,0.8353508255359986
26,0.0,0.0,0.0,1.0,,0.0,0.0,0.0,1.0,,0.9,0.9473684210526316,0.9,1.0,0.007525910635186817,0.8353508255359986
27,0.0,0.0,0.0,1.0,,0.0,0.0,0.0,1.0,,0.9,0.9473684210526316,0.9,1.0,0.007525910635186817,0.8353508255359986
28,0.0,0.0,0.0,1.0,,0.0,0.0,0.0,1.0,,0.9,0.9473684210526316,0.9,1.0,0.007525910635186817,0.8353508255359986
29,0.0,0.0,0.0,1.0,,0.0,0.0,0.0,1.0,,0.9,0.9473684210526316,0.9,1.0,0.007525910635186817,0.8353508255359986
30,0.0,0.0,0.0,1.0,,0.0,0.0,0.0,1.0,,0.9,0.9473684210526316,0.9,1.0,0.007525910635186817,0.8353508255359986
31,0.0,0.0,0.0,1.0,,0.0,0.0,0.0,1.0,,0.9,0.9473684210526316,0.9,1.0,0.007525910635186817,0.8353508255359986
32,0.0,0.0,0.0,1.0,,0.0,0.0,0.0,1.0,,0.9,0.9473684210526316,0.9,1.0,0.007525910635186817,0.8353508255359986
33,0.0,0.0,0.0,1.0,,0.0,0.0,0.0,1.0,,0.9,0.9473684210526316,0.9,1.0,0.007525910635186817,0.8353508255359986
34,0.0,0.0,0.0,1.0,,0.0,0.0,0.0,1.0,,0.9,0.9473684210526316,0.9,1.0,0.007525910635186817,0.8353508255359986
35,0.0023991951087377617,0.0,0.003676470588235281,1.0024325172630257,,-0.12765957446808507,0.0,0.06976744186046513,0.8723404255319149,,0.912,0.9533898305084746,0.9109311740890689,1.0,0.006318771107963861,0.81443579285626
36,0.003947062920826583,0.0,0.01470588235294118,1.0041758781626136,,-0.5531914893617021,0.0,0.3023255813953488,0.44680851063829785,,0.952,0.974025974025974,0.9493670886075949,1.0,0.0054605023662176455,0.6722135706340377
37,-0.016175218636328537,0.0,0.09742647058823528,0.9834854411125596,,-0.34042553191489366,0.0,0.18604651162790697,0.6595744680851063,,0.932,0.9635974304068523,0.9297520661157025,1.0,0.015849002233268572,0.7636421420626092
38,0.005572324123519823,0.0,0.0018382352941176405,1.0058529447628337,,-0.46808510638297873,0.0,0.2558139534883721,0.5319148936170213,,0.944,0.9698275862068966,0.9414225941422594,1.0,0.004625686096428661,0.7163515016685205
39,-0.008126306013466422,0.0,0.06433823529411764,0.9915855271066234,,-0.42553191489361697,0.0,0.23255813953488375,0.574468085106383,,0.94,0.967741935483871,0.9375,1.0,0.01175884292985574,0.7341490545050056
40,0.007971519232257585,0.0,0.0018382352941176405,1.0084951956781723,,-0.5957446808510638,0.0,0.32558139534883723,0.40425531914893614,,0.956,0.9761388286334057,0.9533898305084746,1.0,0.0033164651056408756,0.6443874836775161
41,0.005572324123519823,0.0,0.0018382352941176405,1.0058529447628337,,-0.46808510638297873,0.0,0.2558139534883721,0.5319148936170213,,0.944,0.9698275862068966,0.9414225941422594,1.0,0.004625686096428661,0.7163515016685205
42,-0.019000077393390602,0.0,0.11213235294117646,0.9806013195843705,,-0.36170212765957444,0.0,0.19767441860465118,0.6382978723404256,,0.934,0.9646302250803859,0.9316770186335404,1.0,0.017316017316017396,0.7569194529869789
43,-0.019000077393390602,0.0,0.11213235294117646,0.9806013195843705,,-0.36170212765957444,0.0,0.19767441860465118,0.6382978723404256,,0.934,0.9646302250803859,0.9316770186335404,1.0,0.017316017316017396,0.7569194529869789
44,-0.008126306013466422,0.0,0.06433823529411764,0.9915855271066234,,-0.42553191489361697,0.0,0.23255813953488375,0.574468085106383,,0.94,0.967741935483871,0.9375,1.0,0.01175884292985574,0.7341490545050056
45,0.003947062920826583,0.0,0.01470588235294118,1.0041758781626136,,-0.5531914893617021,0.0,0.3023255813953488,0.44680851063829785,,0.952,0.974025974025974,0.9493670886075949,1.0,0.0054605023662176455,0.6722135706340377
46,-7.739339060441885e-05,0.0,0.03125,0.9999187091005162,,-0.5106382978723405,0.0,0.27906976744186046,0.48936170212765956,,0.948,0.9719222462203023,0.9453781512605042,1.0,0.007582058811880121,0.6959172743377415
47,0.0027474653664576465,0.0,0.01654411764705882,1.002885826931675,,-0.4893617021276596,0.0,0.2674418604651163,0.5106382978723404,,0.946,0.970873786407767,0.9433962264150944,1.0,0.0061016259703280395,0.7064992849197521
48,0.005146660475195408,0.0,0.01286764705882354,1.0054847622582375,,-0.6170212765957447,0.0,0.3372093023255814,0.3829787234042553,,0.958,0.9771986970684039,0.9554140127388535,1.0,0.004810500635673343,0.6285772069976743
49,0.010796377989319761,0.0,0.01654411764705882,1.0115056290981073,,-0.574468085106383,0.0,0.313953488372093,0.425531914893617,,0.954,0.9750812567713976,0.9513742071881607,1.0,0.0018269845619804936,0.6588802373007044
50,0.007971519232257585,0.0,0.0018382352941176405,1.0084951956781723,,-0.5957446808510638,0.0,0.32558139534883723,0.40425531914893614,,0.956,0.9761388286334057,0.9533898305084746,1.0,0.0033164651056408756,0.6443874836775161
51,-0.007274978716817593,0.0,0.0422794117647059,0.9926748490161699,,-0.12765957446808507,0.0,0.06976744186046513,0.8723404255319149,,0.912,0.9533898305084746,0.9109311740890689,1.0,0.011197173529012172,0.81443579285626
52,-0.0149756210819596,0.0,0.09558823529411764,0.9846025304368584,,-0.4042553191489362,0.0,0.22093023255813954,0.5957446808510638,,0.938,0.9667024704618691,0.9355509355509356,1.0,0.015286084084620288,0.7422135706340378
53,-0.01574955498800401,0.0,0.08639705882352944,0.9841418273913891,,-0.19148936170212771,0.0,0.1046511627906977,0.8085106382978723,,0.918,0.9564293304994685,0.9164969450101833,1.0,0.015506415506415516,0.8017373801578473
54,-0.0149756210819596,0.0,0.09558823529411764,0.9846025304368584,,-0.4042553191489362,0.0,0.22093023255813954,0.5957446808510638,,0.938,0.9667024704618691,0.9355509355509356,1.0,0.015286084084620288,0.7422135706340378
55,-0.00170265459329777,0.0,0.04411764705882354,0.998198640792598,,-0.5957446808510638,0.0,0.32558139534883723,0.40425531914893614,,0.956,0.9761388286334057,0.9533898305084746,1.0,0.008444018439910495,0.6443874836775161
56,0.013195573098057412,0.0,0.02022058823529413,1.0142707679430842,,-0.7021276595744681,0.0,0.38372093023255816,0.2978723404255319,,0.966,0.9814612868047983,0.9635974304068522,1.0,0.00046301655284175514,0.5477691261895934
57,0.013195573098057412,0.0,0.02022058823529413,1.0142707679430842,,-0.7021276595744681,0.0,0.38372093023255816,0.2978723404255319,,0.966,0.9814612868047983,0.9635974304068522,1.0,0.00046301655284175514,0.5477691261895934
58,0.012769909449732997,-0.0031250000000000444,0.025459558823529432,1.0140180960876768,,-0.851063829787234,-0.25,0.5784883720930233,0.14893617021276595,,0.976,0.9868131868131867,0.9760869565217392,0.9977777777777778,0.0025035113803986153,0.4467590251794924
59,-0.021399272502128253,0.0,0.11580882352941174,0.9784531463082019,,-0.23404255319148937,0.0,0.12790697674418605,0.7659574468085106,,0.922,0.9584664536741214,0.9202453987730062,1.0,0.018400876232201546,0.7922135706340379
60,-0.010951164770528599,0.0,0.07904411764705882,0.9886604960532115,,-0.44680851063829785,0.0,0.2441860465116279,0.5531914893617021,,0.942,0.9687836383207751,0.9394572025052192,1.0,0.013234782803755119,0.7255469039673711
61,0.00917111678662652,0.0,0.003676470588235281,1.0098454636091725,,-0.6595744680851063,0.0,0.36046511627906974,0.3404255319148936,,0.962,0.9793253536452666,0.9594882729211087,1.0,0.0026482745915323846,0.5922135706340378
62,0.015594768206795173,0.004567307692307621,0.0096365950226244,1.0171190688585872,,-0.8297872340425532,-0.5,0.6802325581395349,0.1702127659574468,,0.97,0.9835345773874863,0.9718004338394793,0.9955555555555555,0.003579308078674459,0.6588802373007046
63,0.015169104558470647,-0.0016826923076923572,0.026576640271493243,1.0169060249277613,,-0.9317552017284298,-0.49551569506726456,0.7361299405568881,0.06411284615747512,,0.976,0.9867256637168141,0.9823788546255506,0.9911111111111112,0.002502636706530059,0.4185379837553749
64,0.015594768206795173,0.004567307692307621,0.0096365950226244,1.0171190688585872,,-0.8297872340425532,-0.5,0.6802325581395349,0.1702127659574468,,0.97,0.9835345773874863,0.9718004338394793,0.9955555555555555,0.003579308078674459,0.6588802373007046
65,0.010370714340995235,-0.0031250000000000444,0.02178308823529415,1.0112157355095208,,-0.7234042553191489,-0.25,0.5087209302325582,0.2765957446808511,,0.964,0.980349344978166,0.9635193133047211,0.9977777777777778,0.0011013535054923418,0.6392723941634496
66,0.019619224518226175,0.004567307692307621,0.02618071266968322,1.0217000513610683,,-0.8723404255319149,-0.5,0.7034883720930233,0.1276595744680851,,0.974,0.9856985698569857,0.9760348583877996,0.9955555555555555,0.0013568200856565182,0.5922135706340378
67,0.012769909449732997,0.004567307692307621,0.0096365950226244,1.0140180960876768,,-0.851063829787234,-0.5,0.6918604651162791,0.14893617021276595,,0.972,0.9846153846153847,0.9739130434782609,0.9955555555555555,0.005101051357243924,0.6285772069976742
68,0.019619224518226175,0.004567307692307621,0.02618071266968322,1.0217000513610683,,-0.8723404255319149,-0.5,0.7034883720930233,0.1276595744680851,,0.974,0.9856985698569857,0.9760348583877996,0.9955555555555555,0.0013568200856565182,0.5922135706340378
69,0.019619224518226175,0.004567307692307621,0.02618071266968322,1.0217000513610683,,-0.8723404255319149,-0.5,0.7034883720930233,0.1276595744680851,,0.974,0.9856985698569857,0.9760348583877996,0.9955555555555555,0.0013568200856565182,0.5922135706340378
70,0.019619224518226175,0.004567307692307621,0.02618071266968322,1.0217000513610683,,-0.8723404255319149,-0.5,0.7034883720930233,0.1276595744680851,,0.974,0.9856985698569857,0.9760348583877996,0.9955555555555555,0.0013568200856565182,0.5922135706340378
71,0.019619224518226175,0.004567307692307621,0.02618071266968322,1.0217000513610683,,-0.8723404255319149,-0.5,0.7034883720930233,0.1276595744680851,,0.974,0.9856985698569857,0.9760348583877996,0.9955555555555555,0.0013568200856565182,0.5922135706340378
72,0.019619224518226175,0.004567307692307621,0.02618071266968322,1.0217000513610683,,-0.8723404255319149,-0.5,0.7034883720930233,0.1276595744680851,,0.974,0.9856985698569857,0.9760348583877996,0.9955555555555555,0.0013568200856565182,0.5922135706340378
73,0.019619224518226175,0.004567307692307621,0.02618071266968322,1.0217000513610683,,-0.8723404255319149,-0.5,0.7034883720930233,0.1276595744680851,,0.974,0.9856985698569857,0.9760348583877996,0.9955555555555555,0.0013568200856565182,0.5922135706340378
74,0.019619224518226175,0.004567307692307621,0.02618071266968322,1.0217000513610683,,-0.8723404255319149,-0.5,0.7034883720930233,0.1276595744680851,,0.974,0.9856985698569857,0.9760348583877996,0.9955555555555555,0.0013568200856565182,0.5922135706340378
75,0.019619224518226175,0.004567307692307621,0.02618071266968322,1.0217000513610683,,-0.8723404255319149,-0.5,0.7034883720930233,0.1276595744680851,,0.974,0.9856985698569857,0.9760348583877996,0.9955555555555555,0.0013568200856565182,0.5922135706340378
76,0.019619224518226175,0.004567307692307621,0.02618071266968322,1.0217000513610683,,-0.8723404255319149,-0.5,0.7034883720930233,0.1276595744680851,,0.974,0.9856985698569857,0.9760348583877996,0.9955555555555555,0.0013568200856565182,0.5922135706340378
77,0.019619224518226175,0.004567307692307621,0.02618071266968322,1.0217000513610683,,-0.8723404255319149,-0.5,0.7034883720930233,0.1276595744680851,,0.974,0.9856985698569857,0.9760348583877996,0.9955555555555555,0.0013568200856565182,0.5922135706340378
78,0.019619224518226175,0.004567307692307621,0.02618071266968322,1.0217000513610683,,-0.8723404255319149,-0.5,0.7034883720930233,0.1276595744680851,,0.974,0.9856985698569857,0.9760348583877996,0.9955555555555555,0.0013568200856565182,0.5922135706340378
79,0.007545855583933059,-0.0031250000000000444,0.0070772058823529715,1.0081607030759572,,-0.7446808510638299,-0.25,0.5203488372093024,0.2553191489361702,,0.966,0.9814207650273225,0.9655913978494624,0.9977777777777778,0.00040638606676346445,0.6172135706340378
80,0.012769909449732997,0.004567307692307621,0.0096365950226244,1.0140180960876768,,-0.851063829787234,-0.5,0.6918604651162791,0.14893617021276595,,0.972,0.9846153846153847,0.9739130434782609,0.9955555555555555,0.005101051357243924,0.6285772069976742
81,0.011995975543688586,0.0,0.01838235294117646,1.0128780325689597,,-0.6382978723404256,0.0,0.3488372093023256,0.3617021276595745,,0.96,0.9782608695652174,0.9574468085106383,1.0,0.0011496631486974662,0.6112611896816569
82,0.018845290612181653,0.0,0.04963235294117646,1.0203808328102113,,-0.6595744680851063,0.0,0.36046511627906974,0.3404255319148936,,0.962,0.9793253536452666,0.9594882729211087,1.0,0.0025388033004443145,0.5922135706340378
83,0.019619224518226175,0.004567307692307621,0.02618071266968322,1.0217000513610683,,-0.8723404255319149,-0.5,0.7034883720930233,0.1276595744680851,,0.974,0.9856985698569857,0.9760348583877996,0.9955555555555555,0.0013568200856565182,0.5922135706340378
84,0.005069267084590989,-0.009615384615384692,0.01583710407239823,1.0056931768796176,,-0.9632708656239726,-0.734304932735426,0.867152466367713,0.021610533346054766,,0.966,0.9810479375696768,0.9843400447427293,0.9777777777777777,0.005023547880690815,0.5843049327354259
85,0.012769909449732997,0.004567307692307621,0.0096365950226244,1.0140180960876768,,-0.851063829787234,-0.5,0.6918604651162791,0.14893617021276595,,0.972,0.9846153846153847,0.9739130434782609,0.9955555555555555,0.005101051357243924,0.6285772069976742
86,-0.004450119959755416,0.0,0.02757352941176472,0.9955191895577635,,-0.1063829787234043,0.0,0.05813953488372092,0.8936170212765957,,0.91,0.9523809523809523,0.9090909090909091,1.0,0.009769335142469582,0.818300527155777
87,0.012769909449732997,0.004567307692307621,0.0096365950226244,1.0140180960876768,,-0.851063829787234,-0.5,0.6918604651162791,0.14893617021276595,,0.972,0.9846153846153847,0.9739130434782609,0.9955555555555555,0.005101051357243924,0.6285772069976742
88,0.01841962696385735,0.004567307692307621,0.02434247737556558,1.0202200416294975,,-0.8085106382978724,-0.5,0.6686046511627907,0.19148936170212766,,0.968,0.9824561403508771,0.9696969696969697,0.9955555555555555,0.002062254301733679,0.6845212629417301
89,0.01841962696385735,0.004567307692307621,0.02434247737556558,1.0202200416294975,,-0.8085106382978724,-0.5,0.6686046511627907,0.19148936170212766,,0.968,0.9824561403508771,0.9696969696969697,0.9955555555555555,0.002062254301733679,0.6845212629417301
90,0.019619224518226175,0.004567307692307621,0.02618071266968322,1.0217000513610683,,-0.8723404255319149,-0.5,0.7034883720930233,0.1276595744680851,,0.974,0.9856985698569857,0.9760348583877996,0.9955555555555555,0.0013568200856565182,0.5922135706340378
91,0.02244408327528835,0.004567307692307621,0.0408865950226244,1.02482451634994,,-0.851063829787234,-0.5,0.6918604651162791,0.14893617021276595,,0.972,0.9846153846153847,0.9739130434782609,0.9955555555555555,0.00016492319291294688,0.6285772069976742
92,0.016794365761164,0.004567307692307621,0.01147483031674204,1.0185755863721966,,-0.8936170212765957,-0.5,0.7151162790697674,0.10638297872340426,,0.976,0.986784140969163,0.9781659388646288,0.9955555555555555,0.0028832746437263967,0.5477691261895934
93,0.015594768206795173,0.004567307692307621,0.0096365950226244,1.0171190688585872,,-0.8297872340425532,-0.5,0.6802325581395349,0.1702127659574468,,0.97,0.9835345773874863,0.9718004338394793,0.9955555555555555,0.003579308078674459,0.6588802373007046
94,0.016794365761164,0.004567307692307621,0.01147483031674204,1.0185755863721966,,-0.8936170212765957,-0.5,0.7151162790697674,0.10638297872340426,,0.976,0.986784140969163,0.9781659388646288,0.9955555555555555,0.0028832746437263967,0.5477691261895934
95,0.02244408327528835,0.004567307692307621,0.0408865950226244,1.02482451634994,,-0.851063829787234,-0.5,0.6918604651162791,0.14893617021276595,,0.972,0.9846153846153847,0.9739130434782609,0.9955555555555555,0.00016492319291294688,0.6285772069976742
96,0.019619224518226175,0.004567307692307621,0.02618071266968322,1.0217000513610683,,-0.8723404255319149,-0.5,0.7034883720930233,0.1276595744680851,,0.974,0.9856985698569857,0.9760348583877996,0.9955555555555555,0.0013568200856565182,0.5922135706340378
97,0.019619224518226175,0.004567307692307621,0.02618071266968322,1.0217000513610683,,-0.8723404255319149,-0.5,0.7034883720930233,0.1276595744680851,,0.974,0.9856985698569857,0.9760348583877996,0.9955555555555555,0.0013568200856565182,0.5922135706340378
98,0.016794365761164,0.004567307692307621,0.01147483031674204,1.0185755863721966,,-0.8936170212765957,-0.5,0.7151162790697674,0.10638297872340426,,0.976,0.986784140969163,0.9781659388646288,0.9955555555555555,0.0028832746437263967,0.5477691261895934
99,0.016794365761164,0.004567307692307621,0.01147483031674204,1.0185755863721966,,-0.8936170212765957,-0.5,0.7151162790697674,0.10638297872340426,,0.976,0.986784140969163,0.9781659388646288,0.9955555555555555,0.0028832746437263967,0.5477691261895934
100,0.016794365761164,0.004567307692307621,0.01147483031674204,1.0185755863721966,,-0.8936170212765957,-0.5,0.7151162790697674,0.10638297872340426,,0.976,0.986784140969163,0.9781659388646288,0.9955555555555555,0.0028832746437263967,0.5477691261895934
101,0.019619224518226175,0.004567307692307621,0.02618071266968322,1.0217000513610683,,-0.8723404255319149,-0.5,0.7034883720930233,0.1276595744680851,,0.974,0.9856985698569857,0.9760348583877996,0.9955555555555555,0.0013568200856565182,0.5922135706340378
102,0.02244408327528835,0.004567307692307621,0.0408865950226244,1.02482451634994,,-0.851063829787234,-0.5,0.6918604651162791,0.14893617021276595,,0.972,0.9846153846153847,0.9739130434782609,0.9955555555555555,0.00016492319291294688,0.6285772069976742
103,0.02244408327528835,0.004567307692307621,0.0408865950226244,1.02482451634994,,-0.851063829787234,-0.5,0.6918604651162791,0.14893617021276595,,0.972,0.9846153846153847,0.9739130434782609,0.9955555555555555,0.00016492319291294688,0.6285772069976742
104,0.02244408327528835,0.004567307692307621,0.0408865950226244,1.02482451634994,,-0.851063829787234,-0.5,0.6918604651162791,0.14893617021276595,,0.972,0.9846153846153847,0.9739130434782609,0.9955555555555555,0.00016492319291294688,0.6285772069976742
105,0.019619224518226175,0.004567307692307621,0.02618071266968322,1.0217000513610683,,-0.8723404255319149,-0.5,0.7034883720930233,0.1276595744680851,,0.974,0.9856985698569857,0.9760348583877996,0.9955555555555555,0.0013568200856565182,0.5922135706340378
106,0.019619224518226175,0.004567307692307621,0.02618071266968322,1.0217000513610683,,-0.8723404255319149,-0.5,0.7034883720930233,0.1276595744680851,,0.974,0.9856985698569857,0.9760348583877996,0.9955555555555555,0.0013568200856565182,0.5922135706340378
107,0.001896138069808817,-0.0031250000000000444,0.025459558823529432,1.0020506382088303,,-0.7872340425531915,-0.25,0.5436046511627907,0.2127659574468085,,0.97,0.9835706462212486,0.9697624190064795,0.9977777777777778,0.0034358257628698263,0.5636421420626093
108,0.007545855583933059,0.0,0.00919117647058823,1.0081607030759572,,-0.7446808510638299,0.0,0.4069767441860465,0.2553191489361702,,0.97,0.9836065573770492,0.967741935483871,1.0,0.0034833091436865526,0.4922135706340378
109,0.019619224518226175,0.004567307692307621,0.02618071266968322,1.0217000513610683,,-0.8723404255319149,-0.5,0.7034883720930233,0.1276595744680851,,0.974,0.9856985698569857,0.9760348583877996,0.9955555555555555,0.0013568200856565182,0.5922135706340378
110,0.010370714340995235,0.0,0.005514705882352949,1.0112157355095208,,-0.7234042553191489,0.0,0.3953488372093023,0.2765957446808511,,0.968,0.982532751091703,0.9656652360515021,1.0,0.0019708431150915473,0.5216253353399202
111,0.019619224518226175,0.004567307692307621,0.02618071266968322,1.0217000513610683,,-0.8723404255319149,-0.5,0.7034883720930233,0.1276595744680851,,0.974,0.9856985698569857,0.9760348583877996,0.9955555555555555,0.0013568200856565182,0.5922135706340378
112,0.026468539586719242,0.004567307692307621,0.05743071266968322,1.0294992883943588,,-0.8936170212765957,-0.5,0.7151162790697674,0.10638297872340426,,0.976,0.986784140969163,0.9781659388646288,0.9955555555555555,0.002416102613299387,0.5477691261895934
113,0.013543843355777407,-0.00024038461538467004,0.01114960407239822,1.0152107779226422,,-0.9464092809168194,-0.4887892376681614,0.7443946188340806,0.043028115501519755,,0.972,0.9844444444444445,0.9844444444444445,0.9844444444444445,0.00024038461538467004,0.3199105145413871
114,0.019619224518226175,0.004567307692307621,0.02618071266968322,1.0217000513610683,,-0.8723404255319149,-0.5,0.7034883720930233,0.1276595744680851,,0.974,0.9856985698569857,0.9760348583877996,0.9955555555555555,0.0013568200856565182,0.5922135706340378
115,0.004720996826870993,0.0,0.02389705882352941,1.0051056706423938,,-0.7659574468085106,0.0,0.41860465116279066,0.23404255319148937,,0.972,0.9846827133479212,0.9698275862068966,1.0,0.005000436084542259,0.4588802373007045
116,0.004720996826870993,0.0,0.02389705882352941,1.0051056706423938,,-0.7659574468085106,0.0,0.41860465116279066,0.23404255319148937,,0.972,0.9846827133479212,0.9698275862068966,1.0,0.005000436084542259,0.4588802373007045
117,0.001896138069808817,0.0,0.03860294117647059,1.0020506382088303,,-0.7872340425531915,0.0,0.43023255813953487,0.2127659574468085,,0.974,0.9857612267250822,0.9719222462203023,1.0,0.006522245515956149,0.4207849992054663
118,0.015594768206795173,0.0,0.02389705882352941,1.0171190688585872,,-0.8297872340425532,0.0,0.4534883720930233,0.1702127659574468,,0.978,0.9879253567508233,0.9761388286334056,1.0,0.000938834905881758,0.3255469039673712
119,0.007545855583933059,0.0,0.00919117647058823,1.0081607030759572,,-0.7446808510638299,0.0,0.4069767441860465,0.2553191489361702,,0.97,0.9836065573770492,0.967741935483871,1.0,0.0034833091436865526,0.4922135706340378
120,0.008745453138301995,0.0,0.00735294117647059,1.0095286280462097,,-0.8085106382978724,0.0,0.4418604651162791,0.19148936170212766,,0.976,0.9868421052631579,0.974025974025974,1.0,0.0028058361391694042,0.3768289552494225
121,0.001896138069808817,0.0,0.03860294117647059,1.0020506382088303,,-0.7872340425531915,0.0,0.43023255813953487,0.2127659574468085,,0.974,0.9857612267250822,0.9719222462203023,1.0,0.006522245515956149,0.4207849992054663
122,0.007545855583933059,0.0,0.00919117647058823,1.0081607030759572,,-0.7446808510638299,0.0,0.4069767441860465,0.2553191489361702,,0.97,0.9836065573770492,0.967741935483871,1.0,0.0034833091436865526,0.4922135706340378
123,0.026468539586719242,0.004567307692307621,0.05743071266968322,1.0294992883943588,,-0.8936170212765957,-0.5,0.7151162790697674,0.10638297872340426,,0.976,0.986784140969163,0.9781659388646288,0.9955555555555555,0.002416102613299387,0.5477691261895934
124,0.001896138069808817,0.0,0.03860294117647059,1.0020506382088303,,-0.7872340425531915,0.0,0.43023255813953487,0.2127659574468085,,0.974,0.9857612267250822,0.9719222462203023,1.0,0.006522245515956149,0.4207849992054663
125,0.001896138069808817,0.0,0.03860294117647059,1.0020506382088303,,-0.7872340425531915,0.0,0.43023255813953487,0.2127659574468085,,0.974,0.9857612267250822,0.9719222462203023,1.0,0.006522245515956149,0.4207849992054663
126,0.015594768206795173,0.0,0.02389705882352941,1.0171190688585872,,-0.8297872340425532,0.0,0.4534883720930233,0.1702127659574468,,0.978,0.9879253567508233,0.9761388286334056,1.0,0.000938834905881758,0.3255469039673712
127,0.015594768206795173,0.0,0.02389705882352941,1.0171190688585872,,-0.8297872340425532,0.0,0.4534883720930233,0.1702127659574468,,0.978,0.9879253567508233,0.9761388286334056,1.0,0.000938834905881758,0.3255469039673712
128,0.015594768206795173,0.0,0.02389705882352941,1.0171190688585872,,-0.8297872340425532,0.0,0.4534883720930233,0.1702127659574468,,0.978,0.9879253567508233,0.9761388286334056,1.0,0.000938834905881758,0.3255469039673712
129,0.008745453138301995,0.0,0.00735294117647059,1.0095286280462097,,-0.8085106382978724,0.0,0.4418604651162791,0.19148936170212766,,0.976,0.9868421052631579,0.974025974025974,1.0,0.0028058361391694042,0.3768289552494225
130,0.008745453138301995,0.0,0.00735294117647059,1.0095286280462097,,-0.8085106382978724,0.0,0.4418604651162791,0.19148936170212766,,0.976,0.9868421052631579,0.974025974025974,1.0,0.0028058361391694042,0.3768289552494225
131,0.001896138069808817,0.0,0.03860294117647059,1.0020506382088303,,-0.7872340425531915,0.0,0.43023255813953487,0.2127659574468085,,0.974,0.9857612267250822,0.9719222462203023,1.0,0.006522245515956149,0.4207849992054663
132,0.008745453138301995,0.0,0.00735294117647059,1.0095286280462097,,-0.8085106382978724,0.0,0.4418604651162791,0.19148936170212766,,0.976,0.9868421052631579,0.974025974025974,1.0,0.0028058361391694042,0.3768289552494225
133,0.015594768206795173,0.0,0.02389705882352941,1.0171190688585872,,-0.8297872340425532,0.0,0.4534883720930233,0.1702127659574468,,0.978,0.9879253567508233,0.9761388286334056,1.0,0.000938834905881758,0.3255469039673712
134,0.001896138069808817,0.0,0.03860294117647059,1.0020506382088303,,-0.7872340425531915,0.0,0.43023255813953487,0.2127659574468085,,0.974,0.9857612267250822,0.9719222462203023,1.0,0.006522245515956149,0.4207849992054663
135,0.015594768206795173,0.0,0.02389705882352941,1.0171190688585872,,-0.8297872340425532,0.0,0.4534883720930233,0.1702127659574468,,0.978,0.9879253567508233,0.9761388286334056,1.0,0.000938834905881758,0.3255469039673712
136,0.023643680829657066,0.004567307692307621,0.04272483031674204,1.0263509725277093,,-0.9148936170212766,-0.5,0.7267441860465116,0.0851063829787234,,0.978,0.9878721058434398,0.9803063457330415,0.9955555555555555,0.0008896480552295083,0.4922135706340378
137,0.012344245801408471,-0.0016826923076923572,0.011870757918552063,1.0137577090611116,,-0.9530317974731107,-0.49551569506726456,0.7477578475336323,0.042741897438316745,,0.978,0.9878183831672204,0.9845474613686535,0.9911111111111112,0.0009668063164678387,0.32329988851727975
138,0.004720996826870993,0.0,0.02389705882352941,1.0051056706423938,,-0.7659574468085106,0.0,0.41860465116279066,0.23404255319148937,,0.972,0.9846827133479212,0.9698275862068966,1.0,0.005000436084542259,0.4588802373007045
139,0.008745453138301995,0.0,0.00735294117647059,1.0095286280462097,,-0.8085106382978724,0.0,0.4418604651162791,0.19148936170212766,,0.976,0.9868421052631579,0.974025974025974,1.0,0.0028058361391694042,0.3768289552494225
140,0.015594768206795173,0.0,0.02389705882352941,1.0171190688585872,,-0.8297872340425532,0.0,0.4534883720930233,0.1702127659574468,,0.978,0.9879253567508233,0.9761388286334056,1.0,0.000938834905881758,0.3255469039673712
141,0.009519387044346406,-0.004807692307692291,0.01343325791855203,1.0106093931944624,,-0.9508242919543469,-0.49327354260089684,0.7466367713004485,0.04283687943262411,,0.976,0.9866962305986697,0.9845132743362832,0.9888888888888889,0.0025463087489016045,0.3221726190476192
142,-0.005649717514124242,0.0,0.02941176470588236,0.9943502824858758,,-0.04255319148936165,0.0,0.023255813953488358,0.9574468085106383,,0.904,0.9493670886075949,0.9036144578313253,1.0,0.010351966873705987,0.8289482645115889
143,0.017220029409488413,-0.0031250000000000444,0.05303308823529415,1.0187621215954128,,-0.7446808510638299,-0.25,0.5203488372093024,0.2553191489361702,,0.966,0.9814207650273225,0.9655913978494624,0.9977777777777778,0.004817762882279086,0.6172135706340378
144,0.011144648247039757,0.0014423076923076872,0.006235859728506779,1.012326656394453,,-0.9126861115025128,-0.4977578475336323,0.7256231098133278,0.08529467143664093,,0.976,0.9867549668874172,0.9802631578947368,0.9933333333333333,0.002844815324071881,0.49109131403118045
145,0.017993963315532824,0.0014423076923076872,0.026456447963800908,1.0200543407944107,,-0.9339627072471937,-0.4977578475336323,0.7372510167900719,0.0639710035774807,,0.978,0.9878453038674033,0.9824175824175824,0.9933333333333333,0.0009281073748840241,0.41966274260260894
146,0.015594768206795173,0.004567307692307621,0.0096365950226244,1.0171190688585872,,-0.8297872340425532,-0.5,0.6802325581395349,0.1702127659574468,,0.97,0.9835345773874863,0.9718004338394793,0.9955555555555555,0.003579308078674459,0.6588802373007046
147,0.00917111678662652,0.0,0.003676470588235281,1.0098454636091725,,-0.6595744680851063,0.0,0.36046511627906974,0.3404255319148936,,0.962,0.9793253536452666,0.9594882729211087,1.0,0.0026482745915323846,0.5922135706340378
148,0.020818822072595,0.004567307692307621,0.028018947963800875,1.0232026566610601,,-0.9361702127659575,-0.5,0.7383720930232558,0.06382978723404255,,0.98,0.988962472406181,0.9824561403508771,0.9955555555555555,0.0006415396952685892,0.4207849992054663
149,0.007545855583933059,0.0,0.00919117647058823,1.0081607030759572,,-0.7446808510638299,0.0,0.4069767441860465,0.2553191489361702,,0.97,0.9836065573770492,0.967741935483871,1.0,0.0034833091436865526,0.4922135706340378
150,0.015594768206795173,0.004567307692307621,0.0096365950226244,1.0171190688585872,,-0.8297872340425532,-0.5,0.6802325581395349,0.1702127659574468,,0.97,0.9835345773874863,0.9718004338394793,0.9955555555555555,0.003579308078674459,0.6588802373007046
151,0.017993963315532824,0.004567307692307621,0.013313065610859695,1.0200543407944107,,-0.9574468085106383,-0.5,0.75,0.0425531914893617,,0.982,0.9900552486187846,0.9846153846153847,0.9955555555555555,0.0021774826872278386,0.3255469039673712
152,0.019619224518226175,0.004567307692307621,0.02618071266968322,1.0217000513610683,,-0.8723404255319149,-0.5,0.7034883720930233,0.1276595744680851,,0.974,0.9856985698569857,0.9760348583877996,0.9955555555555555,0.0013568200856565182,0.5922135706340378
153,0.016794365761164,0.004567307692307621,0.01147483031674204,1.0185755863721966,,-0.8936170212765957,-0.5,0.7151162790697674,0.10638297872340426,,0.976,0.986784140969163,0.9781659388646288,0.9955555555555555,0.0028832746437263967,0.5477691261895934
154,0.016794365761164,0.004567307692307621,0.01147483031674204,1.0185755863721966,,-0.8936170212765957,-0.5,0.7151162790697674,0.10638297872340426,,0.976,0.986784140969163,0.9781659388646288,0.9955555555555555,0.0028832746437263967,0.5477691261895934
155,0.016794365761164,0.004567307692307621,0.01147483031674204,1.0185755863721966,,-0.8936170212765957,-0.5,0.7151162790697674,0.10638297872340426,,0.976,0.986784140969163,0.9781659388646288,0.9955555555555555,0.0028832746437263967,0.5477691261895934
156,0.016794365761164,0.004567307692307621,0.01147483031674204,1.0185755863721966,,-0.8936170212765957,-0.5,0.7151162790697674,0.10638297872340426,,0.976,0.986784140969163,0.9781659388646288,0.9955555555555555,0.0028832746437263967,0.5477691261895934
157,0.016794365761164,0.004567307692307621,0.01147483031674204,1.0185755863721966,,-0.8936170212765957,-0.5,0.7151162790697674,0.10638297872340426,,0.976,0.986784140969163,0.9781659388646288,0.9955555555555555,0.0028832746437263967,0.5477691261895934
158,0.016794365761164,0.004567307692307621,0.01147483031674204,1.0185755863721966,,-0.8936170212765957,-0.5,0.7151162790697674,0.10638297872340426,,0.976,0.986784140969163,0.9781659388646288,0.9955555555555555,0.0028832746437263967,0.5477691261895934
159,0.016794365761164,0.004567307692307621,0.01147483031674204,1.0185755863721966,,-0.8936170212765957,-0.5,0.7151162790697674,0.10638297872340426,,0.976,0.986784140969163,0.9781659388646288,0.9955555555555555,0.0028832746437263967,0.5477691261895934
160,0.016794365761164,0.004567307692307621,0.01147483031674204,1.0185755863721966,,-0.8936170212765957,-0.5,0.7151162790697674,0.10638297872340426,,0.976,0.986784140969163,0.9781659388646288,0.9955555555555555,0.0028832746437263967,0.5477691261895934
161,0.013969507004101933,0.004567307692307621,0.007798359728506746,1.0154511213833248,,-0.9148936170212766,-0.5,0.7267441860465116,0.0851063829787234,,0.978,0.9878721058434398,0.9803063457330415,0.9955555555555555,0.004414462394224494,0.4922135706340378
162,0.016794365761164,0.004567307692307621,0.01147483031674204,1.0185755863721966,,-0.8936170212765957,-0.5,0.7151162790697674,0.10638297872340426,,0.976,0.986784140969163,0.9781659388646288,0.9955555555555555,0.0028832746437263967,0.5477691261895934
163,0.019619224518226175,0.004567307692307621,0.02618071266968322,1.0217000513610683,,-0.8723404255319149,-0.5,0.7034883720930233,0.1276595744680851,,0.974,0.9856985698569857,0.9760348583877996,0.9955555555555555,0.0013568200856565182,0.5922135706340378
164,0.020818822072595,0.004567307692307621,0.028018947963800875,1.0232026566610601,,-0.9361702127659575,-0.5,0.7383720930232558,0.06382978723404255,,0.98,0.988962472406181,0.9824561403508771,0.9955555555555555,0.0006415396952685892,0.4207849992054663
165,0.020818822072595,0.004567307692307621,0.028018947963800875,1.0232026566610601,,-0.9361702127659575,-0.5,0.7383720930232558,0.06382978723404255,,0.98,0.988962472406181,0.9824561403508771,0.9955555555555555,0.0006415396952685892,0.4207849992054663
166,0.02244408327528835,0.007692307692307665,0.027743212669683243,1.02482451634994,,-0.851063829787234,-0.25,0.5784883720930233,0.14893617021276595,,0.976,0.9868131868131867,0.9760869565217392,0.9977777777777778,0.0029214965601733756,0.4467590251794924
167,0.020818822072595,0.004567307692307621,0.028018947963800875,1.0232026566610601,,-0.9361702127659575,-0.5,0.7383720930232558,0.06382978723404255,,0.98,0.988962472406181,0.9824561403508771,0.9955555555555555,0.0006415396952685892,0.4207849992054663
168,0.015169104558470647,0.004567307692307621,0.005960124434389105,1.0169060249277613,,-0.9317552017284298,-0.5,0.595514950166113,0.06411284615747512,,0.984,0.9911504424778761,0.986784140969163,0.9955555555555555,0.0037182031068445642,0.42299729256250995
169,0.026468539586719242,0.007692307692307665,0.04428733031674206,1.0294992883943588,,-0.8701329200131511,-0.25,0.518687707641196,0.1279420071549614,,0.98,0.9889867841409691,0.980349344978166,0.9977777777777778,0.0006750874948924235,0.3933184855233852
170,0.015169104558470647,0.004567307692307621,0.005960124434389105,1.0169060249277613,,-0.9317552017284298,-0.5,0.595514950166113,0.06411284615747512,,0.984,0.9911504424778761,0.986784140969163,0.9955555555555555,0.0037182031068445642,0.42299729256250995
171,0.01756829966720841,0.006009615384615308,0.004843042986425301,1.0198835019489336,,-0.9419942698792918,-0.49327354260089684,0.46092248558616267,0.04322106669210953,,0.984,0.9910913140311804,0.9933035714285714,0.9888888888888889,0.0037582854484263795,0.3266068759342302
172,0.016368702112839584,0.004567307692307621,0.004121889140271458,1.0183833116036507,,-0.9486167864355831,-0.5,0.4642857142857143,0.042932284509311476,,0.99,0.9944506104328523,0.9933481152993349,0.9955555555555555,0.0030121204848193583,0.32998137802607075
173,-0.013582540051079617,-0.0353365384615385,0.047080033936651604,0.9837454848569047,,-0.8647315767225588,-0.4170403587443946,0.35137732222934015,0.04690169280944246,,0.918,0.9524913093858632,0.9951573849878934,0.9133333333333333,0.022263788221235092,0.2878257487359005
174,-0.011376828418853013,0.0,0.09007352941176472,0.988050237775881,,-0.5957446808510638,0.0,0.32558139534883723,0.40425531914893614,,0.956,0.9761388286334057,0.9533898305084746,1.0,0.013549132684720688,0.6443874836775161
175,0.015594768206795173,0.004567307692307621,0.0096365950226244,1.0171190688585872,,-0.8297872340425532,-0.5,0.6802325581395349,0.1702127659574468,,0.97,0.9835345773874863,0.9718004338394793,0.9955555555555555,0.003579308078674459,0.6588802373007046
176,0.012344245801408471,0.0014423076923076872,0.0043976244343891385,1.0137577090611116,,-0.9530317974731107,-0.4977578475336323,0.6774503523382447,0.042741897438316745,,0.982,0.9900332225913622,0.9867549668874173,0.9933333333333333,0.002148458481039839,0.32552954292084735
177,0.016794365761164,0.004567307692307621,0.01147483031674204,1.0185755863721966,,-0.8936170212765957,-0.5,0.7151162790697674,0.10638297872340426,,0.976,0.986784140969163,0.9781659388646288,0.9955555555555555,0.0028832746437263967,0.5477691261895934
178,0.017993963315532824,0.004567307692307621,0.013313065610859695,1.0200543407944107,,-0.9574468085106383,-0.5,0.75,0.0425531914893617,,0.982,0.9900552486187846,0.9846153846153847,0.9955555555555555,0.0021774826872278386,0.3255469039673712
179,0.023643680829657066,0.004567307692307621,0.04272483031674204,1.0263509725277093,,-0.9148936170212766,-0.5,0.7267441860465116,0.0851063829787234,,0.978,0.9878721058434398,0.9803063457330415,0.9955555555555555,0.0008896480552295083,0.4922135706340378
180,0.015169104558470647,0.004567307692307621,0.005960124434389105,1.0169060249277613,,-0.9552393029918745,-0.5,0.6785714285714286,0.04264733571832047,,0.984,0.9911504424778761,0.986784140969163,0.9955555555555555,0.0037182031068445642,0.32665181885671857
181,0.020818822072595,0.004567307692307621,0.028018947963800875,1.0232026566610601,,-0.9126861115025128,-0.5,0.6553156146179402,0.08529467143664093,,0.98,0.988962472406181,0.9824561403508771,0.9955555555555555,0.0006415396952685892,0.4933184855233852
182,0.015169104558470647,0.004567307692307621,0.005960124434389105,1.0169060249277613,,-0.9552393029918745,-0.5,0.6785714285714286,0.04264733571832047,,0.984,0.9911504424778761,0.986784140969163,0.9955555555555555,0.0037182031068445642,0.32665181885671857
183,0.020818822072595,0.004567307692307621,0.028018947963800875,1.0232026566610601,,-0.9126861115025128,-0.5,0.6553156146179402,0.08529467143664093,,0.98,0.988962472406181,0.9824561403508771,0.9955555555555555,0.0006415396952685892,0.4933184855233852
184,0.020818822072595,0.004567307692307621,0.028018947963800875,1.0232026566610601,,-0.9126861115025128,-0.5,0.6553156146179402,0.08529467143664093,,0.98,0.988962472406181,0.9824561403508771,0.9955555555555555,0.0006415396952685892,0.4933184855233852
185,0.020818822072595,0.004567307692307621,0.028018947963800875,1.0232026566610601,,-0.9126861115025128,-0.5,0.6553156146179402,0.08529467143664093,,0.98,0.988962472406181,0.9824561403508771,0.9955555555555555,0.0006415396952685892,0.4933184855233852
186,0.020818822072595,0.004567307692307621,0.028018947963800875,1.0232026566610601,,-0.9126861115025128,-0.5,0.6553156146179402,0.08529467143664093,,0.98,0.988962472406181,0.9824561403508771,0.9955555555555555,0.0006415396952685892,0.4933184855233852
187,0.020818822072595,0.004567307692307621,0.028018947963800875,1.0232026566610601,,-0.9126861115025128,-0.5,0.6553156146179402,0.08529467143664093,,0.98,0.988962472406181,0.9824561403508771,0.9955555555555555,0.0006415396952685892,0.4933184855233852
188,0.020818822072595,0.004567307692307621,0.028018947963800875,1.0232026566610601,,-0.9126861115025128,-0.5,0.6553156146179402,0.08529467143664093,,0.98,0.988962472406181,0.9824561403508771,0.9955555555555555,0.0006415396952685892,0.4933184855233852
189,0.017993963315532824,0.004567307692307621,0.013313065610859695,1.0200543407944107,,-0.9339627072471937,-0.5,0.6669435215946844,0.0639710035774807,,0.982,0.9900552486187846,0.9846153846153847,0.9955555555555555,0.0021774826872278386,0.4218899140948137
190,0.020818822072595,0.004567307692307621,0.028018947963800875,1.0232026566610601,,-0.9126861115025128,-0.5,0.6553156146179402,0.08529467143664093,,0.98,0.988962472406181,0.9824561403508771,0.9955555555555555,0.0006415396952685892,0.4933184855233852
191,0.020818822072595,0.004567307692307621,0.028018947963800875,1.0232026566610601,,-0.9126861115025128,-0.5,0.6553156146179402,0.08529467143664093,,0.98,0.988962472406181,0.9824561403508771,0.9955555555555555,0.0006415396952685892,0.4933184855233852
192,0.020818822072595,0.004567307692307621,0.028018947963800875,1.0232026566610601,,-0.9126861115025128,-0.5,0.6553156146179402,0.08529467143664093,,0.98,0.988962472406181,0.9824561403508771,0.9955555555555555,0.0006415396952685892,0.4933184855233852
193,0.020818822072595,0.004567307692307621,0.028018947963800875,1.0232026566610601,,-0.9126861115025128,-0.5,0.6553156146179402,0.08529467143664093,,0.98,0.988962472406181,0.9824561403508771,0.9955555555555555,0.0006415396952685892,0.4933184855233852
194,0.020818822072595,0.004567307692307621,0.028018947963800875,1.0232026566610601,,-0.9126861115025128,-0.5,0.6553156146179402,0.08529467143664093,,0.98,0.988962472406181,0.9824561403508771,0.9955555555555555,0.0006415396952685892,0.4933184855233852
195,0.012344245801408471,0.004567307692307621,0.020666006787330278,1.0137577090611116,,-0.9530317974731107,-0.5,0.6071428571428572,0.042741897438316745,,0.986,0.992248062015504,0.9889624724061811,0.9955555555555555,0.005263723278547738,0.32775919732441483
196,0.015169104558470647,0.004567307692307621,0.005960124434389105,1.0169060249277613,,-0.9317552017284298,-0.5,0.595514950166113,0.06411284615747512,,0.984,0.9911504424778761,0.986784140969163,0.9955555555555555,0.0037182031068445642,0.42299729256250995
197,0.008745453138301995,0.0,0.00735294117647059,1.0095286280462097,,-0.8085106382978724,0.0,0.4418604651162791,0.19148936170212766,,0.976,0.9868421052631579,0.974025974025974,1.0,0.0028058361391694042,0.3768289552494225
198,0.015169104558470647,0.004567307692307621,0.005960124434389105,1.0169060249277613,,-0.9317552017284298,-0.5,0.595514950166113,0.06411284615747512,,0.984,0.9911504424778761,0.986784140969163,0.9955555555555555,0.0037182031068445642,0.42299729256250995
199,0.020818822072595,0.007692307692307665,0.014875565610859717,1.0232026566610601,,-0.8892020102390681,-0.25,0.4588870431893688,0.10685474359579186,,0.984,0.9911699779249448,0.9846491228070176,0.9977777777777778,0.0037423148890670666,0.32775919732441494
200,0.012769909449732997,0.0,0.00919117647058823,1.0140180960876768,,-0.8275797285237894,0.0,0.3820598006644518,0.17058934287328187,,0.98,0.989010989010989,0.9782608695652174,1.0,0.000587678727793195,0.32665181885671857
