,SPD_age,EOD_age,AOD_age,DI_age,DiscIndex_age,SPD_gender,EOD_gender,AOD_gender,DI_gender,DiscIndex_gender,Accuracy,F1_score,Precision,Recall
1,0.08927696997532997,-0.004434112812517599,0.04216658121126769,1.1782480357309237,0.009565871004809878,0.14153913592952444,0.07731578328485755,0.052852838627052506,1.3202490386291843,0.07391786745356932,0.8498445135495335,0.8506774003534263,0.8172215410732812,0.886989456443853
2,0.10546676511456193,0.012241689791198551,0.04825745415782365,1.2377710552805972,0.014463609191351257,0.13911780785333044,0.06708906854233787,0.04099590924125274,1.356577418759266,0.056148792210739096,0.8876548694407423,0.8820358660723541,0.8933333333333333,0.8710205752891801
3,0.09716458433864522,0.002835763803158642,0.03942591252076172,1.2240553200503006,0.018748347767932994,0.13886770007455668,0.07652618776561415,0.04060029511052889,1.3670866997978222,0.06361532325518693,0.8914556493410336,0.8845729882945776,0.9077784960137901,0.8625243115979118
4,0.10081397805077047,-0.0023227537629449957,0.046147198675847406,1.2207764913947923,0.02328740443023436,0.14101433137614494,0.06601201617008556,0.04244841308867892,1.3516981599984004,0.055605118354982386,0.8882965595537786,0.8841566419247505,0.8842924431701823,0.8840208823830484
5,0.08367586611861422,-0.013753545028264424,0.04212811105940786,1.1673517322372284,0.014455698913013237,0.13435920897379888,0.05540494026845155,0.038504986707135314,1.3027302910045777,0.05898116298116285,0.8743274594007602,0.8747417101249632,0.8420952922231695,0.9100214965707851
6,0.09020156625175146,-0.005585499689171103,0.03873857905103666,1.2008751622393112,0.019143216506911642,0.1564944204517268,0.08660703363928302,0.058989280827579295,1.4099048925222193,0.05951745007970621,0.8868157362160027,0.8813576861385625,0.8910860012554928,0.871839492271471
7,0.0953453137445277,-0.005773394598461268,0.046357088795178136,1.1947790592272916,0.01723151963893277,0.13233878323597648,0.05758732617672635,0.03726767272899084,1.3025338399235191,0.06150219396685075,0.8725011106175034,0.8719575670450602,0.8453479430988081,0.9002968574060805
8,0.09791623789507548,-0.004522832337179761,0.04560992598893837,1.2107445665734329,0.021907276320424773,0.13060143008642522,0.06237085049064861,0.032667256950756916,1.3153117836616723,0.06331363967953263,0.8867663754380769,0.8834468041865663,0.877030162412993,0.8899580305046576
9,0.09347414483080718,-0.0049048853194032516,0.04087896849692042,1.2059830246089787,0.0204416943941782,0.14033547167856214,0.0708840728227671,0.04172090015354872,1.3537983025006983,0.06020794474505531,0.8902216298928871,0.8855967078189301,0.8900837555578534,0.8811546729450302
10,0.08970293153801584,-0.009455824250451994,0.04135544355151564,1.1981626440362991,0.022148324832930166,0.14178110720359466,0.07221875247915599,0.042689048052843154,1.3600796664801826,0.059720872211843856,0.8922947825657732,0.8875141767192495,0.8939661439401807,0.8811546729450302
11,0.08818311308523685,-0.006623735526786412,0.0369281127377315,1.1990426345711171,0.01954520293811679,0.14415585977308487,0.07814317810511462,0.0455263394828067,1.377012909470356,0.06147135170586504,0.8919492571202922,0.8859598853868196,0.9020793549755994,0.8704063875524619
12,0.08832000992230754,-0.006381749658761038,0.03684639858782513,1.2021831596136234,0.020372377280074905,0.14272039487893184,0.07536206037705118,0.044014587960790996,1.378549904074874,0.05879815479889261,0.8919986178982181,0.8852648138437337,0.9075368239974196,0.8640597809397073
13,0.09219029125460992,-0.012602675768440985,0.0472420973871416,1.2014543361470273,0.02651328493120042,0.14238871265778086,0.07283274064332956,0.043318513189019414,1.356883998207781,0.06085056475759476,0.8920479786761439,0.8879093844497975,0.8891398070211456,0.8866823625754939
14,0.08964669220885685,-0.008167631245629359,0.03996857349716694,1.2034677733279673,0.022696707126111826,0.14438945523348956,0.07724250729048332,0.045530944907172806,1.3798166385069208,0.05989366667560825,0.8926403080112543,0.8864407664595625,0.9046248934356351,0.8689732828334528
15,0.09154913964678907,-0.00885073017618121,0.04256167160354048,1.205568321572381,0.02419919261029857,0.14621436554946482,0.07894006023660172,0.04720800762655871,1.3804313918634352,0.060866533027091996,0.8931339157905128,0.8875850251830314,0.9006322444678609,0.8749104309550619
16,0.09271179378654248,-0.007860839750488013,0.04280963043693062,1.2051085975271785,0.023093110213388668,0.14296278494368514,0.07136307649512863,0.04369484117438792,1.363617225180348,0.05772543068593028,0.8924922256774767,0.8877319587628866,0.8940919946007684,0.8814617668133893
17,0.09292582106126057,-0.008250864031893457,0.04344049353748416,1.2063051273561105,0.02390437591067618,0.14232236424810257,0.07074763100850634,0.04304742248623077,1.3630612297224123,0.05741764380561876,0.8925415864554025,0.8876039031441993,0.8954166666666666,0.8799262974715938
18,0.08985126228418494,-0.010096064507479796,0.04217861920404897,1.2016960473559641,0.024041398693929406,0.1456994324907624,0.07750304921951723,0.04676784689441283,1.3790916008004812,0.059857988993921696,0.8925415864554025,0.8869267127200956,0.9002530577815268,0.8739891493499846
19,0.09326271441001993,-0.008925991663263355,0.044571462693256826,1.2074787258901325,0.024989590800512107,0.1424794406679496,0.07267598739743986,0.04344967272395772,1.3643257711910404,0.059060550431330405,0.8920973394540698,0.8870400992145515,0.895648544297193,0.8785955573753711
20,0.0930418267898428,-0.008159401138032374,0.04350646521080281,1.2059891386622998,0.0237052340761279,0.14212966070655736,0.07100963025998908,0.04294571329218418,1.3612846986713938,0.058131074659319326,0.8922454217878474,0.8874452178396494,0.8940369831705797,0.8809499436994574
21,0.10555149231893246,0.004654565820415013,0.04831269103765346,1.2218514301653478,0.017372354784253252,0.12789146548859648,0.050159125949001515,0.028650444709564918,1.298228621907437,0.05638401621590694,0.8886914457771854,0.8869504186093147,0.8691294949891923,0.9055174531681851
22,0.08900003682106322,-0.006591332713228426,0.03674996790545105,1.1996668973551174,0.019860124646689403,0.14255314782820533,0.07058796311771909,0.04193056644834141,1.3691200190605786,0.05578033919142,0.8981193543610247,0.8928014957930821,0.9061676331049024,0.8798239328488074
23,0.09209746341633579,0.0007757523431219937,0.03308779017581772,1.205248098081419,0.014544567766235583,0.13978332607628907,0.064038664950548,0.038839970870104795,1.3570074443734776,0.05261507782029384,0.898020632805173,0.8931195033626487,0.9028344315448175,0.883611423891903
24,0.10798354292270096,0.01045058027434731,0.049814670250103416,1.2391041618355627,0.017325706063773372,0.137455956681249,0.057614924220598884,0.03697489779770482,1.3438196510187475,0.049876938107985325,0.8945653783503628,0.8902927580893684,0.8934130502010103,0.8871941856894258
25,0.09315918908391135,-0.0016017652804370952,0.03734959550969684,1.1983085168780747,0.014515109756827238,0.1546377717846837,0.07321738268713684,0.05576697150134187,1.3824618683191874,0.05202232894091241,0.888148477220001,0.885335492359073,0.8754127889522666,0.8954857201351213
26,0.09399564736273985,-0.004350880026253612,0.04079209604450807,1.2097251925692944,0.021177248743161847,0.14232359070653222,0.06868429012776078,0.04335660156728432,1.3649029327408766,0.054956089919089623,0.8907645984500716,0.8855088209426251,0.8951882845188285,0.8760364418057119
27,0.08589117631669213,-0.008035794239028227,0.03575685110330933,1.193552182239757,0.019004851120151822,0.13794911262442122,0.06039244418386702,0.038023252467291706,1.3573060524701757,0.04940395050185964,0.8934794412359939,0.8875924575476611,0.9035952911231308,0.8721465861398301
28,0.08389985445990278,-0.008788926726679192,0.034217108561084134,1.1902249019855622,0.01856655526260753,0.14954123873737246,0.0778579527771055,0.04984177227788987,1.3974989011156778,0.05518362489511852,0.8951083469075473,0.8889353473057023,0.9081589064502349,0.8705087521752483
29,0.09135538333633719,-0.004321220581894547,0.03746962731653851,1.20264041838148,0.018659912463137363,0.14111032418347486,0.0655794646507768,0.041170432895708715,1.359330343268393,0.05333722640019589,0.8940224097931784,0.8891527698900304,0.8969791666666667,0.8814617668133893
30,0.09184684763250256,-0.006548215231289345,0.040035787181672826,1.2025443583162174,0.020909898092765555,0.14268425922568956,0.06504166712587511,0.042205714827054645,1.3616264485145788,0.05180407198827186,0.8956019546868058,0.891119691119691,0.8963338856669428,0.8859658102159893
31,0.09242261278388558,-0.006327658700026051,0.04055122908145575,1.2033700194155217,0.020988625105683334,0.1470822494133041,0.06847525543902333,0.04682493035945991,1.3740948347223134,0.051240583316054966,0.8946640999062145,0.8902714932126696,0.8944105796053311,0.8861705394615621
32,0.0984717320821924,0.0004719630255946017,0.04036089065614137,1.2132733010786583,0.018010334498557157,0.14235993575511613,0.05766934610579311,0.04173769866407188,1.3517921237566135,0.046810171282509194,0.893775605903549,0.890349536329359,0.8863751648574617,0.8943597092844713
33,0.08534285254714552,-0.008684005795237981,0.03530451580024284,1.1937866031308835,0.019778992732476852,0.14236008532321726,0.06856019001298741,0.04191410474752411,1.3745928628483433,0.052619248601634694,0.8970827780245817,0.8909917917080568,0.9105578114981834,0.8722489507626164
34,0.0934653077756396,-0.0020000196694395234,0.036968414554959556,1.2082045894428672,0.018379241590182005,0.14436349021112677,0.06682269732350887,0.04388189957342043,1.3706851313386539,0.05110025750506242,0.895898119354361,0.8909570342795099,0.9001253656498119,0.8819735899273211
35,0.09157627095651433,-0.005254535488068646,0.038299580899034145,1.2041165962911862,0.020150587384075935,0.1430761575643708,0.06650336154193459,0.04251607098491572,1.36737962057176,0.05187312766526575,0.8964410879115455,0.8914415812894546,0.9013288688919117,0.8817688606817484
36,0.09058845872843302,-0.004670870750559941,0.03669471489015436,1.2015589880651727,0.018631808192420607,0.14583826160226682,0.0683170448706849,0.04530997491561577,1.3754800830423901,0.051125500395695966,0.8961942840219161,0.8912447639240832,0.9006061872909699,0.8820759545501075
37,0.0881965237040439,-0.006370776181965021,0.03589091335011156,1.1970763029670008,0.01868241477751098,0.14529945747461798,0.06734815314892317,0.044620521933597654,1.376231176439241,0.05012986268032438,0.8967372525791006,0.8915275329254382,0.9033308815803299,0.8800286620943801
38,0.09296667306190404,-0.0031646057752580115,0.037679113998435626,1.2054324820431515,0.01858267839881922,0.14540669780315568,0.0658632326563372,0.044829050270530656,1.3705997773147056,0.04984385665905966,0.8956513154647318,0.8910982897177003,0.8969200456289537,0.8853516224792711
39,0.09379503070682876,-0.002995138025115751,0.038460340293894446,1.2064799063075349,0.018815106324323594,0.14531964916827578,0.06482466270499632,0.04481407080818216,1.3685227520304506,0.04929423026515578,0.8950096253516956,0.8906482957174439,0.894649865730221,0.8866823625754939
40,0.09113251900645142,-0.003920481632108008,0.036570982845788434,1.2036368234436192,0.018606977501363642,0.14517274337930813,0.06775893591415427,0.04477876768068948,1.375113119863616,0.05085046572273544,0.8957006762426576,0.8905238070566293,0.9015946286193873,0.8797215682260211
41,0.09668788722677318,-0.00017899189981429586,0.0377899515055062,1.2137489408267348,0.01874993546689263,0.15679436432180976,0.0854138508843989,0.05593624177700898,1.4056294240209848,0.05854773798677726,0.8998469815884298,0.8955577289339578,0.9007040795195693,0.8904698536185894
42,0.09165599824809256,0.0013352443746696974,0.031942929925516304,1.2048669774946301,0.013890303886792577,0.1429506699274905,0.06895425911138486,0.041160860080698004,1.3681557199479086,0.054124700462524156,0.9022162989288711,0.897362830941402,0.9085186739404112,0.8864776333299211
43,0.08102009848665431,-0.011435346293423576,0.033126434794959185,1.1787989063470958,0.017050895064178007,0.15594789861005764,0.08001925305120061,0.05475638843712156,1.4062480518573748,0.053251499983681616,0.8999457031442816,0.895315808500749,0.9034813425057328,0.8872965503122121
44,0.07192114866213573,-0.013098397406532625,0.027042023474216192,1.177633746695689,0.01865290531775199,0.1547268545457396,0.10802439084149351,0.05822536368421112,1.4632118389826716,0.07428491492673828,0.8910607631176267,0.8796553792464147,0.9411901983663944,0.8256730473948204
45,0.11799317453765346,0.007903853709061104,0.06278162787904129,1.2386325716520423,0.02089237300951896,0.12905965218596172,0.05780938568484917,0.0327560474554886,1.286810334718454,0.06668730538571621,0.877930796189348,0.8787091078522733,0.843502824858757,0.916982290920258
46,0.07922055623060831,-0.012990215489062429,0.033367798811021976,1.1802630560068663,0.01923704580656027,0.1568555975024281,0.09558546062182671,0.057500875181448204,1.4248131301772808,0.0656085752931993,0.8972802211362851,0.8909157624364419,0.9129780833691449,0.8698945644385301
47,0.09358100343211068,-0.0031214882933189303,0.03786425822764684,1.2052928181286529,0.018583839414128445,0.142525956347413,0.06654544172764121,0.041518732610432166,1.3585854739205447,0.05401522172083373,0.8981193543610247,0.8940560517400677,0.8966333779470812,0.8914934998464531
48,0.08698127358243746,-0.007018987738174887,0.03490772723726275,1.195282497743617,0.01869642972953245,0.14452828434499398,0.07418121932165467,0.04377957858977999,1.3761581322519998,0.05730708848061283,0.8992546522533195,0.8939023756302958,0.9081115335868187,0.8801310267171666
49,0.08612547455567632,-0.010171325994561942,0.03774094795115776,1.1930750132463002,0.02103592205262772,0.14610871064279946,0.07702258822470709,0.04616323811134166,1.3807319626105283,0.05880675762547616,0.8964410879115455,0.8909903356541619,0.9047166824944602,0.8776742757702938
50,0.08831252943262619,-0.009272898462729717,0.038744396725678566,1.196784059553506,0.021529499941092323,0.14833886077208014,0.0771916831700844,0.047742767866038406,1.3845640285136427,0.057392190181805414,0.8985142405844316,0.8935376967688483,0.904118201823326,0.8832019654007575
51,0.08435380003061965,-0.011585869267587756,0.03741966352014248,1.1818383708685098,0.018253874094950717,0.15490540894491428,0.080393010717969,0.05480253973113578,1.3911032134904304,0.05713404492859375,0.8954538723530283,0.8919277477293601,0.8892054125546851,0.8946668031528304
52,0.09090446096870408,-0.008775209880684143,0.04102635887637637,1.1993634313369812,0.022012276709252765,0.1492581661491012,0.07651598650847302,0.0487008424672518,1.3797413644828005,0.05740737625741843,0.897675107359692,0.8935339736017668,0.8966192537621109,0.8904698536185894
53,0.08653783170448576,-0.008579084863796882,0.035950591318977806,1.1972984424865252,0.020985110695626696,0.14806769380466195,0.08328666106386906,0.047587827677713745,1.394556854667717,0.06172915984896954,0.9002418678118367,0.8941718594543644,0.9153087478559176,0.8739891493499846
54,0.09027900676150996,-0.008312667481395586,0.039582926130009265,1.2015215783758473,0.0223215564478354,0.1476219210359398,0.07716845709355802,0.046726272526163126,1.3825901458465324,0.05798030716504865,0.8998963423663557,0.8949549362892365,0.9058404110307224,0.8843279762514075
55,0.08614803230176221,-0.01458768454981052,0.04183202947419746,1.1915384046627089,0.024961004027077682,0.14931326703757164,0.07974636942267899,0.048561441435622174,1.3872067759543174,0.05909623240609152,0.8996495384767264,0.894777703017442,0.9049413735343383,0.8848397993653393
56,0.0849782077444386,-0.012086301218832363,0.03811734444825833,1.1891039728743016,0.021538247467869587,0.15336393018065314,0.08507420367119556,0.05294257285378235,1.4008513049088618,0.06042264440682954,0.8989584875857644,0.8939762780338737,0.9048018452505766,0.8834066946463303
57,0.09039012885434167,-0.010655297730612467,0.042340790946194425,1.198522825767364,0.023583451765771368,0.1480870180033328,0.07680121183648225,0.047451731249274605,1.3768731413230886,0.05866416634019367,0.898366158250654,0.894166024158314,0.8979971092298162,0.8903674889958031
58,0.08689406580117792,-0.011470233667765561,0.03947963770448855,1.1894710847564545,0.021041429483440566,0.15310033135915413,0.07888777879375419,0.05225342404871913,1.390093117823635,0.05635806772128782,0.8986129621402833,0.8946882690730106,0.8962506420133539,0.8931313338110349
59,0.08671953396161691,-0.009754385637996466,0.037404071382308196,1.194666015634686,0.021239693333785725,0.14856841789375325,0.07942849096355331,0.04784732233218192,1.389025972866302,0.05866993094173034,0.8997482600325781,0.8944222072048656,0.9086396282213772,0.8806428498310984
60,0.08745704047797614,-0.008977080444384389,0.03727249255523452,1.1970807917955286,0.021341016321433037,0.14792799719817068,0.07888126638406145,0.0470589277212199,1.3885310564188755,0.05841699152493651,0.9003899501456143,0.8949286681245444,0.9106707640139875,0.8797215682260211
61,0.08956053092097233,-0.007357405621629343,0.03729990656852851,1.1880324339596355,0.016492445072599726,0.15189708589887502,0.06021674574614411,0.048728698047724624,1.3691073456611003,0.0426256128849809,0.902265659706797,0.9003823706983296,0.8853270010883546,0.9159586446923943
62,0.07598820950797375,-0.01681742256840435,0.03281179773537056,1.1695465941157293,0.0191064100806575,0.1524065447650746,0.07164684450068903,0.049801030037872236,1.4013963068522022,0.04675984403648803,0.9042894516017572,0.8992046576909081,0.9134980988593155,0.8853516224792711
63,0.07609080461774892,-0.014722264925610684,0.03142336780405446,1.1710095964929381,0.01755774732701565,0.1652107109426535,0.09437342375776236,0.06457255623447727,1.4475821810146108,0.05684516365124015,0.9000937854780592,0.8944293761735865,0.9118366478783367,0.8776742757702938
64,0.07348763296764205,-0.009787564876799437,0.025420405232882942,1.1867389532807409,0.018282060838556324,0.14254255840664265,0.08991369827541373,0.045719164234325045,1.4318422387208636,0.06504478530588453,0.890270990670813,0.877297565822156,0.9519645424053665,0.8134916572832429
65,0.07944977703877254,-0.009197119358817618,0.030508594299546422,1.161133081946105,0.00772260597348795,0.16328143200568307,0.06607946287466515,0.06278780895217845,1.389513105674311,0.040821175018338374,0.8900241867811837,0.889506050386828,0.8627224627224627,0.9180059371481216
66,0.08591520690530596,-0.01153700623883569,0.04007023464827601,1.1705247457900414,0.013552575118778276,0.15452179667903776,0.05636800270041853,0.054383114757616785,1.3539034337457365,0.04224312768965843,0.8873093439952614,0.8881704628949303,0.8515874506857035,0.9280376701811854
67,0.08119827367352117,-0.010964314978122891,0.03354926287756255,1.1681456870084534,0.012278667114954511,0.15566677040710164,0.06263644750692654,0.05437856918473289,1.376143709403123,0.042513879435866264,0.8943185744607335,0.8927730755746982,0.8739949009609728,0.9123758828948715
68,0.07426517754535283,-0.014512423062728375,0.029541505998275402,1.1648523721336403,0.014970141078749943,0.158899894309197,0.08200640329267428,0.05811292027165335,1.420557008093253,0.05151890144408022,0.898366158250654,0.8931776913099871,0.9055333473595624,0.8811546729450302
69,0.07952450441755865,-0.010889312299455889,0.03140610552381204,1.1735017629501747,0.014467513249387332,0.14375379080352413,0.06335208391189795,0.04269129593359823,1.3632674331902326,0.049399686562010325,0.8971814995804334,0.8929654180155182,0.8965125877011969,0.8894462073907258
70,0.08000027131309723,-0.010577292874331401,0.031155226455617593,1.1751704163019834,0.014806128036747968,0.15058761717314612,0.06971703078930669,0.04894381967444028,1.3858611554061533,0.04875993703825321,0.8998963423663557,0.8956253216675244,0.9006314046164994,0.8906745828641621
71,0.08145501338154953,-0.006499869819367343,0.028870794162447214,1.181263726899306,0.012985590468846175,0.14272883051983776,0.06373167086846132,0.041775968068072156,1.3680248784554354,0.04899441822217632,0.8973789426921368,0.8922183627974494,0.9038865546218487,0.8808475790766711
72,0.08000422473251434,-0.012424977910701851,0.03333585957090558,1.17107466544779,0.015001328509820722,0.15024749931108933,0.06511640044269817,0.04868540889524386,1.3742923955341666,0.04682354499557628,0.8979219112493213,0.8947689802564623,0.8896084184964079,0.8999897635377213
73,0.0799685664397326,-0.008350298224936714,0.029047232075524114,1.1762216409544652,0.012970075694437089,0.15178631576314966,0.07114461475180123,0.050555506832241595,1.392555534787689,0.04845128131004417,0.8984648798065058,0.8938103350369109,0.901583003540929,0.8861705394615621
74,0.07895133612010646,-0.00896087903760534,0.02849217356620081,1.1748702839502358,0.013093623404503707,0.15095968278161254,0.07376897923397485,0.049765142877972096,1.3925407823871114,0.05137206037687092,0.8993533738091712,0.8944562347947617,0.9047120418848168,0.8844303408741939
75,0.08074204132098478,-0.008928476224047244,0.030302761856113858,1.1754254877402723,0.013228135377882588,0.14882782880841972,0.06309951171500527,0.0469482079600652,1.376753271339432,0.04461820639057823,0.8992052914753936,0.8953142622782734,0.8967854575331211,0.8938478861705395
76,0.08267681377650393,-0.004458285518478711,0.027838649007958877,1.1810833784464414,0.010885249397704855,0.15011761437203475,0.06840557720944418,0.04880287520572512,1.3838568945038927,0.04804943533580541,0.8982674366948024,0.8939869348284554,0.8984698097601324,0.8895485720135121
77,0.07943365328899304,-0.009541800405915124,0.029581520351016397,1.1746111212025891,0.01356376580344043,0.15208871255009182,0.07106405214518319,0.05060800712106469,1.3925120086712566,0.048256079613718694,0.8993533738091712,0.8948481254190087,0.9016836416545416,0.888115467294503
78,0.07879157146483878,-0.011198588355381123,0.030711486651562342,1.171409004550877,0.013983346890063864,0.15158589450758414,0.06677333052555878,0.04994564210645112,1.3863487693298124,0.045401016823150675,0.8987116836961351,0.8946828166700883,0.8971693257848687,0.8922100522059576
79,0.07816154369400535,-0.009751642268797434,0.028518778291815296,1.1728934715964638,0.01314743499758475,0.15043422012858787,0.0709740624839752,0.049115175643976314,1.3904666262505294,0.04913168124717282,0.8991559306974678,0.8942929580379779,0.9041640510567064,0.8846350701197666
80,0.07880788900968783,-0.009738184231217417,0.02917691772824682,1.174119807276764,0.01358980880597227,0.14981767050195172,0.07031216484430014,0.048479690028007026,1.3878137413564808,0.049212171764564605,0.8991559306974678,0.8943694741740343,0.9035729210196406,0.8853516224792711
81,0.08753676776955444,0.0015558009059329914,0.026684150738422778,1.1978195154696822,0.011057825413463673,0.1441663893674071,0.06793891523657036,0.04078192919585126,1.3777291060229142,0.050501393562124575,0.9083370353916778,0.903185443928888,0.9203144921376966,0.8866823625754939
82,0.07884021402727476,-0.010983518562515893,0.029353033401498006,1.1775047172705027,0.016205442943409976,0.14706047229777408,0.0719894063587897,0.0442093754468369,1.3875534246990022,0.051678638028902824,0.9067081297201244,0.9014084507042254,0.9190511647697054,0.8844303408741939
83,0.08286859337724728,-0.011465005737782641,0.03484003930616206,1.1859664034462,0.019789353626631145,0.15175559447516973,0.07823025312142529,0.05028158488562603,1.400171691681307,0.054054445255171335,0.9017720519275384,0.8964620187304891,0.911543751983917,0.8818712253045348
84,0.10845454245953073,-0.000490493708108608,0.05179506240036216,1.2188447413774495,0.02171373890635453,0.13147442917932467,0.035868804182223935,0.030619542838113453,1.2939221849211553,0.0433947120036966,0.889579939779851,0.8901438884250846,0.8554842363602039,0.9277305763128263
85,0.09046559265439175,-0.0061609343190828225,0.03779182029407973,1.2015816632907832,0.02016248705048862,0.11999193648452983,0.04163433611994638,0.023139290687444566,1.298057892445122,0.04925125129793828,0.8982674366948024,0.8933395435491385,0.9033912497383295,0.8835090592691166
86,0.08476022705030334,-0.00668553897628843,0.032137511089857344,1.1926368796597804,0.01736435417957871,0.15212239528647492,0.07789060590822194,0.05106204049504919,1.406873044198474,0.05232194860801376,0.9000937854780592,0.8941201088093744,0.9143040547769338,0.8748080663322756
87,0.08643752337653021,-0.0017714918389942769,0.029076951386686305,1.1957149124427489,0.013492010557307754,0.14360652605111374,0.06514837045391675,0.042580118810762596,1.3770657015625185,0.04818213821738215,0.8981193543610247,0.8922643282179769,0.9103205879220364,0.8749104309550619
88,0.08636601299589741,-0.008915018186467227,0.036106813493370894,1.1881030904094085,0.017992952142300234,0.14853473515737015,0.06599675982570063,0.04677763771759019,1.375569466950495,0.04787869336431794,0.8996001776988005,0.8957564575645757,0.8969516576003285,0.894564438530044
89,0.08416097393650118,-0.011370799474722415,0.03640741164627097,1.186055560358674,0.0196896095330652,0.14907967157716695,0.06914803745573728,0.047593089537593836,1.384400459336332,0.048975562988792576,0.8995508169208747,0.8949026493828436,0.9030644152595372,0.8868870918210666
90,0.09104364458759445,-0.002231290869083802,0.034212262108842484,1.202512291220387,0.016580515296977683,0.13879312541931416,0.05737615104564253,0.037231166615501035,1.3534297131609576,0.04694416883007613,0.8988104052519867,0.8940130286423328,0.9031651519899718,0.8850445286109121
91,0.0915776275220006,-0.0060450399108457065,0.0387223674075869,1.196738663777412,0.018404523250972527,0.1456766383121444,0.061248803287792364,0.04397712968280617,1.3598848524548297,0.04753939721413181,0.898366158250654,0.8953068592057762,0.8894726207314609,0.9012181390111578
92,0.08346036600136819,-0.0085359673818578,0.03263796634823651,1.187461014814044,0.017361525589921767,0.14890240346366224,0.0701771803524881,0.04736842760674289,1.3912097028729367,0.048626690372694736,0.9003405893676885,0.8949258391881344,0.9102265509210248,0.8801310267171666
93,0.08614574551994253,-0.00613401824392279,0.03304037523546272,1.1914490310440267,0.016421868012888363,0.14400036877511024,0.064334774655596,0.042469599945956296,1.3703051012988867,0.04869123676375531,0.8995508169208747,0.8946959896507114,0.9046672247802428,0.8849421639881258
94,0.08583598348090826,-0.008412101674438732,0.03486098867625986,1.1889863609556401,0.01782503719423434,0.14555324462868047,0.06599821714814935,0.04370236830552862,1.3711931189686082,0.04970314540770926,0.900834197146947,0.896491318460508,0.9024896265560166,0.8905722182413758
95,0.08682608249080925,-0.006053270018442691,0.03353072143820569,1.191583913448261,0.0164193446895069,0.14527594536911426,0.06570210744310134,0.0435595518569517,1.3710356266445003,0.04953035168624187,0.9002912285897626,0.8958440754872641,0.9025454545454545,0.8892414781451531
96,0.0851873513834061,-0.0076347964808266555,0.03343869073425074,1.187694644191187,0.01655860727470071,0.1459070629288043,0.06589588578745365,0.04413082579768261,1.372758115354176,0.04915527423710109,0.9004393109235401,0.8960255683282643,0.9024922118380062,0.8896509366362985
97,0.08367865676761449,-0.00789847049402903,0.03229116162996048,1.1864037126936273,0.016324875136497163,0.14754662845381167,0.07023305956013093,0.046229094386592756,1.3830871285375437,0.05083974004992131,0.8996495384767264,0.8946140687367167,0.9062171812644403,0.8833043300235439
98,0.0851190580009264,-0.008140456362054294,0.03393176067997993,1.187435134987505,0.016966786202381012,0.14552814710130435,0.06456120613106486,0.043736592341937504,1.3713491734660321,0.04823365044877537,0.9001925070339108,0.8957946815089672,0.9020238713025428,0.8896509366362985
99,0.08533994562110353,-0.006948954181075773,0.03289467786906688,1.1888272493295924,0.01628650940561338,0.14426187364319304,0.06419687551888642,0.04247247835394531,1.369432295878299,0.048654220488627664,0.9004393109235401,0.8958214968235112,0.9040867389491243,0.8877060088033576
100,0.08607256850171224,-0.008229175886716456,0.03493708046277252,1.1886300322292696,0.017511494148315432,0.14508728016630063,0.06296306990074452,0.043075941775517865,1.3677167904568166,0.04755736554290546,0.9006367540352436,0.896519816994808,0.9004543577034283,0.8926195106971031
101,0.09229517314620483,0.0032477350381561187,0.03213917645780707,1.2032076548706587,0.011538758581859376,0.1485873831289814,0.06600764420273941,0.04566748175440766,1.379043155480481,0.046993285397451734,0.9044375339355348,0.9004217673078901,0.9048898997208725,0.8959975432490531
102,0.09552596950828385,0.000472221834009634,0.036075456775180995,1.2015905332289316,0.013988595410470928,0.1518825179658212,0.05876885035202084,0.04894828148382544,1.369907422787726,0.04103111013781402,0.9009329187027988,0.8989273304124491,0.8847145122918318,0.9136042583683079
103,0.11710078700177712,0.007524802904451566,0.06020092493532743,1.2350082028185088,0.020348254856035308,0.12098219696874518,0.03138430421824712,0.020675620397444874,1.2640197183848858,0.049751906861400075,0.8882471987758527,0.8893558791906949,0.8509305152903769,0.9314157027331355
104,0.08965262233798249,-0.0028740156868957145,0.033276311943448246,1.196163666727388,0.014975006412666247,0.1461013518922219,0.05931247716671739,0.044039331576415014,1.3693081749592817,0.04325249774684259,0.8995014561429489,0.8955147285230421,0.8979108778429556,0.8931313338110349
105,0.09258497429308404,0.008446626716999805,0.033090609790655263,1.2102311691457168,0.008466604616188755,0.14432346578725413,0.0651933652845208,0.04291762983009054,1.3790637992160197,0.047548852604436975,0.8995014561429489,0.8937591317052808,0.9115486961149548,0.8766506295424301
106,0.08547362546002107,-0.002728720642714455,0.028906878626445066,1.1846201063186939,0.010525430686337711,0.14732550697304436,0.06182071126625932,0.04561068127632836,1.36850643374513,0.04565234758603298,0.898366158250654,0.8948685218279295,0.8927261613691931,0.8970211894769168
107,0.07991170696635136,-0.009049598562267502,0.029413716008806504,1.1763785490297527,0.013746104188022357,0.15393309663283922,0.0735055226600434,0.05228368321017655,1.4001516649709596,0.04852215057043152,0.9003899501456143,0.8957429220913412,0.9042453322207156,0.8873989149349985
108,0.08252650632062625,-0.006505097749350264,0.029677774988672342,1.180077282263789,0.012564039252587866,0.1502074748872167,0.06661366263477164,0.048551150659366625,1.3824957799864717,0.0464872506822005,0.899057209141616,0.8949935815147625,0.897898207294457,0.8921076875831713
109,0.0790307533395736,-0.007997904687072177,0.02746861307140719,1.173348184898587,0.011533549398223819,0.15726963192008225,0.07463408227259227,0.05562617237646754,1.4080855357058029,0.04695028702308279,0.8998469815884298,0.8954608686691742,0.9014522821576764,0.8895485720135121
110,0.07893335193765993,-0.008081396281751196,0.027415620007413856,1.1764296668420697,0.012808234037136379,0.15333075597581403,0.07415799324512828,0.05181306268007476,1.4044492236236075,0.048525045105635045,0.9003899501456143,0.8950925348305261,0.9093693884018168,0.8812570375678166
111,0.08036003248005363,-0.007000042962196917,0.02765699568368042,1.1770842897560454,0.011948890523191813,0.14953387998679496,0.06773279519273046,0.04757684678259191,1.3853407500138755,0.04716067457307105,0.9009329187027988,0.8964022092603108,0.9041024573094544,0.8888320196540076
112,0.0826179775934141,-0.004603580562659859,0.027570706408728905,1.1834475099721857,0.0119158114410991,0.14799030726911744,0.06767691598508752,0.046188613720471096,1.3833140459420084,0.048021287136365,0.9007354755910953,0.895884027957546,0.9063482086737901,0.8856587163476303
113,0.08371722198643827,-0.005380885756271825,0.029562872956027962,1.185534802968774,0.013479633018425807,0.1475401371982209,0.06599967447059807,0.04569492731201946,1.3807730017586468,0.04700841109335907,0.9004886717014661,0.8957493018926466,0.9051102518549483,0.8865799979527076
114,0.08314374361687493,-0.004603580562659859,0.028090334708766616,1.1847503249920293,0.012402837825543633,0.14825303859562966,0.06767691598508752,0.04638989211657658,1.3843415371062002,0.04771430961806966,0.9009329187027988,0.8960695976386516,0.9067281492349613,0.8856587163476303
115,0.08539909187630451,-0.0038235319998488615,0.02962784172315646,1.1887375991139333,0.013121898126053466,0.14621595097133705,0.06490376798916553,0.044254317298696236,1.3749942461294093,0.04755260786998494,0.9008835579248728,0.896345240553376,0.9040924711027803,0.8887296550312213
116,0.08087238788470746,-0.006873692693993738,0.02808004230898127,1.1801259447887853,0.012965618004364576,0.1482490002568982,0.06823648226406709,0.04642799930729955,1.385958604117097,0.04793882578464259,0.9009822794807246,0.8959435626102292,0.9081922389315386,0.8840208823830484
117,0.08303886172528002,-0.005625614993496231,0.029064998169798566,1.1831206339356612,0.012831778521279924,0.14851858180244393,0.0678924630835176,0.04668695757508763,1.3818098666587917,0.04840392444759545,0.9006861148131694,0.8961816305469555,0.9035480178961607,0.8889343842767939
118,0.08528277607561113,-0.004027887124333107,0.029701963011036926,1.1866561770507813,0.012574740880356372,0.14658188428765567,0.06392107724546747,0.04450371498498887,1.3719428885801452,0.04713801154849895,0.900834197146947,0.8967678947638867,0.900330169211721,0.8932336984338213
119,0.08159388692832881,-0.007158796043958082,0.029077462139048084,1.1818666157075448,0.013905488196162996,0.1502136071793646,0.0716700705772153,0.04844409185605834,1.392378912592653,0.04945591638724989,0.9013278049262057,0.896290531776913,0.9086892488954345,0.8842256116286211
120,0.08369206738642154,-0.003810073962268845,0.027794062019075638,1.1845879780032444,0.01156173288021034,0.14828621280046883,0.06646633644347189,0.04626795424330238,1.3809849055443688,0.04719765152194055,0.9010810010365763,0.8966050975131565,0.9038801622802455,0.8894462073907258
121,0.08480793939640585,-0.0014028968943508024,0.025663441982487812,1.1920825656832932,0.011884966299898103,0.15256080930461957,0.07687234738851001,0.04982264498494572,1.4066555855326295,0.050946434240781824,0.9064613258304951,0.9010288818091606,0.9198123267221155,0.8829972361551848
122,0.09160995253958742,0.0006818048884768002,0.0316550974836281,1.2004463866225807,0.013099648829807853,0.1390813132366453,0.0626531611737603,0.03664548861684047,1.3475821321218948,0.053534859343514984,0.9035490399328694,0.8997743126795239,0.9017168705664644,0.8978401064592076
123,0.10087831801383307,0.01113367920489916,0.04203816935240945,1.2264828864714836,0.011835368112004585,0.13284507125843126,0.060366303462443316,0.03232653201290155,1.3367886681358816,0.05547436089262836,0.8968359741349524,0.8917547130723016,0.9025055037215641,0.8812570375678166
124,0.08890139513070505,0.0021556670502207442,0.030045088590572838,1.193291638379762,0.00887516808630806,0.137893144240964,0.05262819450773426,0.03679583434062845,1.3421292281585406,0.04517844989922737,0.8954045115751024,0.8915613325827747,0.8914244781006959,0.8916982290920258
125,0.08835109465144991,-0.0007008531878208712,0.02982086767769169,1.1958617330947419,0.012601249226981248,0.14631230274210982,0.07317530250143023,0.04548615350008213,1.3759134297615938,0.0557660560531984,0.8986623229182092,0.8939511338395578,0.9022940563086549,0.8857610809704166
126,0.0874067312779428,-0.005668732475435201,0.03396991458128821,1.1950525819503364,0.017266978394900434,0.14841011501547668,0.07432854551295431,0.047492677394370846,1.38567809780743,0.05421027322297467,0.8990078483636902,0.8939566704675028,0.9054068241469816,0.8827925069096121
127,0.08456813737744878,-0.006779486430933512,0.032396277065035534,1.1851990866245083,0.014744416523843284,0.14803155815141966,0.06805213097430485,0.047057832150888254,1.3768434253206947,0.04987260957699802,0.8972308603583592,0.892967304133251,0.8969327687700093,0.8890367488995803
128,0.08894255720345967,-0.00299239465591683,0.03290526172298032,1.1948914870744018,0.01458912437055071,0.14141026805355777,0.06126405963217729,0.0401313478959415,1.355778479139717,0.04965241431492662,0.8979712720272471,0.8938312188607529,0.8970103092783506,0.8906745828641621
129,0.08444069773976814,-0.008517022605879832,0.03405845049259641,1.1850269844890784,0.016419399697003123,0.14994070522197278,0.07262662059948954,0.049164752183163435,1.3830631195742118,0.05256744165865146,0.897329581914211,0.8930371284582947,0.8972822155626744,0.8888320196540076
130,0.08976665135685613,-0.003877364150168927,0.034912242625091836,1.1982455930111326,0.01666218661658425,0.14163456037806987,0.06354731957869908,0.040850977140118414,1.3594953291577845,0.05105456293133659,0.8966878918011748,0.8921189629400547,0.8984634551495017,0.885863445593203
131,0.08923433506004741,-0.00011993181951108767,0.030273572028372248,1.19916030880373,0.01318332601541139,0.1391983652326197,0.0598640737135554,0.0380269352006381,1.356465435750419,0.04866132196728368,0.8979219112493213,0.8928608434359133,0.9039127242211266,0.8820759545501075
132,0.08814621450401056,-0.005421259869011874,0.03484054483917332,1.195065023332714,0.017021896274630355,0.14376150851754443,0.06665068773323413,0.043104516401781576,1.3672767301307525,0.051840097753274694,0.896638531023249,0.8919170021678539,0.8995314940135346,0.8844303408741939
133,0.08584970417182647,-0.004603580562659859,0.031481620560444186,1.1895123150521887,0.014157824993556556,0.14652361255544044,0.06856670242268015,0.045686956448274356,1.3753359325192487,0.05117760183082731,0.8972802211362851,0.8926489553778695,0.8997504159733777,0.8856587163476303
134,0.08753874447926296,-0.003089344288175866,0.03157950107258619,1.1954047412495703,0.014784848108125082,0.1448043571461305,0.06678858686994371,0.04379452604920935,1.3743860324291814,0.050082052560735835,0.898020632805173,0.8929089778146382,0.9044418775595926,0.881666496058962
135,0.08957518182822394,-0.0034065916432832744,0.03412917179724964,1.1955423637892786,0.01525149797052483,0.14366147737148294,0.06553009785282671,0.042763434115641055,1.3609148674069917,0.052157889363186105,0.8970827780245817,0.8931152919464806,0.894536865886219,0.8916982290920258
136,0.08678720719987443,-0.003952625637250962,0.03177064075340965,1.1900861918574668,0.013745295542960112,0.14565767307691624,0.06751579077185166,0.044773149363575085,1.3690537510076592,0.05175204499343711,0.8972308603583592,0.8930222998664064,0.8965232642112865,0.8895485720135121
137,0.08749300884286909,-0.0033851623065213055,0.03191166803245033,1.1935912200919332,0.014444638504355067,0.1452059175841473,0.06776836296874433,0.04435473239603816,1.3718498460716322,0.05152276063507899,0.8974283034700626,0.892731777823663,0.9004477767364365,0.8851468932336984
138,0.08706952785707228,-0.0040440885311121555,0.032045520190010314,1.1914796555428429,0.014351684172401291,0.14539616820883344,0.06725379152036903,0.044328645812723166,1.3699157019726365,0.05135864179667915,0.898020632805173,0.8936476886646761,0.8988298643471058,0.8885249257856485
139,0.08850566559885581,-0.003979541712410994,0.03358883495109051,1.1946662070009677,0.015464821653299987,0.14368902781571824,0.06528044030083135,0.042743373418584966,1.3643875846817581,0.051107564634535585,0.897329581914211,0.8929600658707286,0.8978578081341199,0.888115467294503
140,0.08785245993771423,-0.004278103099955466,0.03327995015982196,1.193201446952587,0.015213831715914061,0.1427093567530655,0.06492699406569191,0.041890987136355,1.361477172917491,0.05169326595582702,0.8969346956908041,0.8925373134328359,0.8975261360107649,0.8876036441805712
141,0.08605613467982143,0.005234969571894621,0.02564111599861778,1.2030447656750187,0.00875918239779494,0.14336009764762875,0.07691374445431887,0.041676344364107026,1.394848115345005,0.056656052994338624,0.9048817809368676,0.8974727321096037,0.9344116995346776,0.8633432285802027
142,0.07521027734012392,-0.017473346615381136,0.03370297315488174,1.156151254173342,0.014025302569901088,0.15530487542951477,0.061997775943777866,0.05343222555293732,1.3776014301756592,0.04158947051517203,0.8966878918011748,0.8948822259052784,0.878426345888385,0.9119664244037261
143,0.07326500119183965,-0.011542751785648675,0.025234600641851172,1.1561131881935824,0.008369561109349388,0.16854428478149358,0.07796096725769897,0.06667476120729104,1.4312308736962887,0.04184402179044178,0.8987610444740609,0.8956287211846725,0.890507994333131,0.9008086805200123
144,0.07054729665567849,-0.019385837278867668,0.030770749354399052,1.1491475780537999,0.01341317665758135,0.17903161115835464,0.08985841110501569,0.07775266271795145,1.461631239436776,0.04427821441723523,0.897329581914211,0.8944805194805194,0.8866539273861008,0.9024465144845941
145,0.08662472941363425,-0.002449362839563096,0.02918164961962574,1.200943906081237,0.016023960340441734,0.13360867624213618,0.058625213008169474,0.03144036251843637,1.3552579167179692,0.049082814104353334,0.9034996791549434,0.8968065452626023,0.9257846556233653,0.8695874705701709
146,0.08865597305473355,0.001612376425452089,0.02844409785064351,1.1957356443863616,0.010340988818143493,0.13875100704202514,0.05772668263588465,0.035855337364111436,1.350831350649445,0.047865250206044374,0.9042400908238314,0.8999896896587277,0.906532350192128,0.8935407923021804
147,0.09003951481466405,0.0011363759885834046,0.02982070359814755,1.1968396319541357,0.0113112357726739,0.14069736665614901,0.05239739106491925,0.03717506163636286,1.3524395328316283,0.041624388920474265,0.9046349770472383,0.9009027492819041,0.9028477433946747,0.8989661173098578
148,0.08146218379911985,-0.002648231225649389,0.023715893428010837,1.183845089312776,0.010083118635750177,0.14455583478922923,0.0683170448706849,0.042047704290864435,1.379905975581953,0.05037805655303751,0.9048324201589417,0.8993841978916607,0.9173852869157884,0.8820759545501075
149,0.08673980492588312,0.001830189587516351,0.026390844385637255,1.1930240958617992,0.009052895598653299,0.141611915767553,0.05849236895870391,0.03855026287876054,1.3632947120749117,0.044927317705348524,0.9046349770472383,0.8999792917788362,0.9104430711218183,0.8897533012590848
150,0.08604543719198698,-0.002096710493283638,0.028077247989462345,1.1899443936264902,0.011875192503864151,0.14580140802213898,0.06454886443157726,0.04317524161831628,1.3730418308105083,0.047693990992839,0.9035490399328694,0.8992056122975344,0.9063117396277426,0.8922100522059576
