epoch,SPD_age,EOD_age,AOD_age,DI_age,DcI_age,SPD_gender,EOD_gender,AOD_gender,DI_gender,DcI_gender,Accuracy,F1_score,Precision,Recall
1,0.1711934285040626,0.1673876387818845,0.17080533866550876,1.2783045399467066,0.05311588184413252,0.13273393439990977,-0.07615249958376613,0.15658439676610636,1.2026527274338925,0.1050405841927114,0.3717494793216305,0.38642703550880453,0.30052767765335986,0.5410843250940901
2,0.23015731983067145,0.2632285854193869,0.23769378275210712,1.5391465112121152,0.13780840409988693,0.13991560762010413,0.14781705647991744,0.13750500433111498,1.2906237991489165,0.05847389448133433,0.3814043439452544,0.27271137230209536,0.23916678170969277,0.31720069168955345
3,0.24075903534282928,0.2766025164819631,0.2488837583495532,1.9003770016914296,0.20439378360770033,0.22460972354509318,0.2826761940491398,0.23400310307548344,1.6964681305885767,0.17452046528382623,0.42233710205296043,0.16730820779499275,0.17687599183858535,0.15872240870715085
4,0.19157666439895263,0.22210808415648853,0.19834447618511092,2.08138853405928,0.19799775263036146,0.26046442574931417,0.3050357039149175,0.2684268057143149,2.189535578642462,0.2065121006153082,0.5001636417732818,0.15438048976920948,0.20236877701164593,0.12478893296714474
5,0.1322957826449645,0.14385765015305324,0.13501401759777037,2.127429638453354,0.1611221232296204,0.24204168778172921,0.33543215553889216,0.2619956970505395,2.673167572881704,0.28665055028990777,0.533628384409402,0.09675142260318376,0.16574531095755182,0.06831451530871732
6,0.07365368382632127,0.06273808692138479,0.07155798583052192,1.949162052416024,0.08333909797008332,0.20103453275622513,0.3149697824848147,0.22650383357759984,3.2054408537017762,0.32421574637068856,0.5673757810175543,0.06317247600025772,0.15167453012607318,0.039894212185942426
7,0.04696427830165383,0.03420783426628082,0.04440230102437407,1.9955575444408984,0.051480848697605525,0.15199197682665838,0.282891396764119,0.18204313713250092,3.7523166562093304,0.34430299579690593,0.5939378161261529,0.0437562402564417,0.15742374590370556,0.025409419184213203
8,0.030890779748856,0.017977040537708364,0.02825590700289611,2.4365641388941857,0.031127648318191987,0.024693280374886876,-0.00012752620094405413,0.018393860726727603,1.8611182099554193,0.0010849873180971553,0.6102276108301101,0.013033733260505151,0.08786185881157949,0.007038958396907741
9,0.020859273895527768,0.01360476546103415,0.01937947077803514,2.870877765636082,0.02499502624287569,0.0009065955153540473,-0.0038959956664861035,0.003347074384158333,1.0553268062037713,0.007458221991783991,0.6207453138946742,0.0072817896847802805,0.08476881233000906,0.00380429254399349
10,0.012239479972453005,0.001575695676430391,0.010024611542165735,3.6238678781883635,0.0030060619216630636,-0.001833379245828875,-0.0005208550356264845,0.0017084291693134016,0.7648430999816792,0.0010199918400652795,0.6269934543290687,0.0009960754626770524,0.02399232245681382,0.0005085952598921778
11,0.008006633723108673,0.0,0.006340209627975818,4.285759079275572,0.0,-0.0018174988810279193,0.0,0.001502204921877171,0.5961887147145325,0.0,0.6299166914608747,0.0,0.0,0.0
12,0.006692556371435775,0.0,0.005296851854816985,6.383117562026137,0.0,-0.0023941003248392078,0.0,0.0019037785976553114,0.1994055224952235,0.0,0.6314415352573639,0.0,0.0,0.0
13,0.00195989322540073,0.0,0.001552015627509778,4.230385976417469,0.0,-0.0008232497565791633,0.0,0.0006570212071658033,0.2658740299936313,0.0,0.6332713478131509,0.0,0.0,0.0
14,0.001481634343181803,0.0,0.001172691952079392,6.136826267811311,0.0,-0.0006789435942816166,0.0,0.0005355767379164259,0.0,0.0,0.6337102052960428,0.0,0.0,0.0
15,0.0008932958471878502,0.0,0.0007069092218492448,7.415331740272,0.0,-0.0003738004058404406,0.0,0.0002948680916618525,0.0,0.0,0.6340077357929188,0.0,0.0,0.0
16,0.0006387421502292791,0.0,0.0005052588711495896,17.0552630026256,0.0,-0.00020597165219779382,0.0,0.0001624783362218371,0.0,0.0,0.6341713775662006,0.0,0.0,0.0
17,0.00039312391459895966,0.0,0.0003109534370678892,20.762928872761602,0.0,-0.0001220572753764704,0.0,9.628345850182938e-05,0.0,0.0,0.6342531984528414,0.0,0.0,0.0
18,0.00019656195729947983,0.0,0.0001554767185339446,20.762928872761602,0.0,-6.10286376882352e-05,0.0,4.814172925091469e-05,0.0,0.0,0.6343127045522166,0.0,0.0,0.0
19,0.00013755968571202372,0.0,0.00010881751733946907,14.830663480544002,0.0,-4.5771478266176404e-05,0.0,3.610629693818602e-05,0.0,0.0,0.6343275810770604,0.0,0.0,0.0
20,0.00013755968571202372,0.0,0.00010881751733946907,14.830663480544002,0.0,-4.5771478266176404e-05,0.0,3.610629693818602e-05,0.0,0.0,0.6343275810770604,0.0,0.0,0.0
21,0.00011800454317491224,0.0,9.33184023889511e-05,0.0,0.0,-3.05143188441176e-05,0.0,2.4070864625457346e-05,0.0,0.0,0.6343424576019042,0.0,0.0,0.0
22,2.950113579372806e-05,0.0,2.3329600597237775e-05,0.0,0.0,-7.6285797110294e-06,0.0,6.0177161563643366e-06,0.0,0.0,0.6343647723891699,0.0,0.0,0.0
23,2.950113579372806e-05,0.0,2.3329600597237775e-05,0.0,0.0,-7.6285797110294e-06,0.0,6.0177161563643366e-06,0.0,0.0,0.6343647723891699,0.0,0.0,0.0
24,0.0,0.0,0.0,0.0,0.0,0.0,0.0,0.0,0.0,0.0,0.6343722106515918,0.0,0.0,0.0
25,0.0,0.0,0.0,0.0,0.0,0.0,0.0,0.0,0.0,0.0,0.6343722106515918,0.0,0.0,0.0
26,0.0,0.0,0.0,0.0,0.0,0.0,0.0,0.0,0.0,0.0,0.6343722106515918,0.0,0.0,0.0
27,0.0,0.0,0.0,0.0,0.0,0.0,0.0,0.0,0.0,0.0,0.6343722106515918,0.0,0.0,0.0
28,0.0,0.0,0.0,0.0,0.0,0.0,0.0,0.0,0.0,0.0,0.6343722106515918,0.0,0.0,0.0
29,0.0,0.0,0.0,0.0,0.0,0.0,0.0,0.0,0.0,0.0,0.6343722106515918,0.0,0.0,0.0
30,0.0,0.0,0.0,0.0,0.0,0.0,0.0,0.0,0.0,0.0,0.6343722106515918,0.0,0.0,0.0
31,0.0,0.0,0.0,0.0,0.0,0.0,0.0,0.0,0.0,0.0,0.6343722106515918,0.0,0.0,0.0
32,0.0,0.0,0.0,0.0,0.0,0.0,0.0,0.0,0.0,0.0,0.6343722106515918,0.0,0.0,0.0
33,0.0,0.0,0.0,0.0,0.0,0.0,0.0,0.0,0.0,0.0,0.6343722106515918,0.0,0.0,0.0
34,0.0,0.0,0.0,0.0,0.0,0.0,0.0,0.0,0.0,0.0,0.6343722106515918,0.0,0.0,0.0
35,0.0,0.0,0.0,0.0,0.0,0.0,0.0,0.0,0.0,0.0,0.6343722106515918,0.0,0.0,0.0
36,0.0,0.0,0.0,0.0,0.0,0.0,0.0,0.0,0.0,0.0,0.6343722106515918,0.0,0.0,0.0
37,0.0,0.0,0.0,0.0,0.0,0.0,0.0,0.0,0.0,0.0,0.6343722106515918,0.0,0.0,0.0
38,0.0,0.0,0.0,0.0,0.0,0.0,0.0,0.0,0.0,0.0,0.6343722106515918,0.0,0.0,0.0
39,0.0,0.0,0.0,0.0,0.0,0.0,0.0,0.0,0.0,0.0,0.6343722106515918,0.0,0.0,0.0
40,0.0,0.0,0.0,0.0,0.0,0.0,0.0,0.0,0.0,0.0,0.6343722106515918,0.0,0.0,0.0
41,0.0,0.0,0.0,0.0,0.0,0.0,0.0,0.0,0.0,0.0,0.6343722106515918,0.0,0.0,0.0
42,0.0,0.0,0.0,0.0,0.0,0.0,0.0,0.0,0.0,0.0,0.6343722106515918,0.0,0.0,0.0
43,0.0,0.0,0.0,0.0,0.0,0.0,0.0,0.0,0.0,0.0,0.6343722106515918,0.0,0.0,0.0
44,0.0,0.0,0.0,0.0,0.0,0.0,0.0,0.0,0.0,0.0,0.6343722106515918,0.0,0.0,0.0
45,0.0,0.0,0.0,0.0,0.0,0.0,0.0,0.0,0.0,0.0,0.6343722106515918,0.0,0.0,0.0
46,0.0,0.0,0.0,0.0,0.0,0.0,0.0,0.0,0.0,0.0,0.6343722106515918,0.0,0.0,0.0
47,0.0,0.0,0.0,0.0,0.0,0.0,0.0,0.0,0.0,0.0,0.6343722106515918,0.0,0.0,0.0
48,0.0,0.0,0.0,0.0,0.0,0.0,0.0,0.0,0.0,0.0,0.6343722106515918,0.0,0.0,0.0
49,0.0,0.0,0.0,0.0,0.0,0.0,0.0,0.0,0.0,0.0,0.6343722106515918,0.0,0.0,0.0
50,0.0,0.0,0.0,0.0,0.0,0.0,0.0,0.0,0.0,0.0,0.6343722106515918,0.0,0.0,0.0
51,0.0,0.0,0.0,0.0,0.0,0.0,0.0,0.0,0.0,0.0,0.6343722106515918,0.0,0.0,0.0
52,0.0,0.0,0.0,0.0,0.0,0.0,0.0,0.0,0.0,0.0,0.6343722106515918,0.0,0.0,0.0
53,0.0,0.0,0.0,0.0,0.0,0.0,0.0,0.0,0.0,0.0,0.6343722106515918,0.0,0.0,0.0
54,0.0,0.0,0.0,0.0,0.0,0.0,0.0,0.0,0.0,0.0,0.6343722106515918,0.0,0.0,0.0
55,0.0,0.0,0.0,0.0,0.0,0.0,0.0,0.0,0.0,0.0,0.6343722106515918,0.0,0.0,0.0
56,0.0,0.0,0.0,0.0,0.0,0.0,0.0,0.0,0.0,0.0,0.6343722106515918,0.0,0.0,0.0
57,0.0,0.0,0.0,0.0,0.0,0.0,0.0,0.0,0.0,0.0,0.6343722106515918,0.0,0.0,0.0
58,0.0,0.0,0.0,0.0,0.0,0.0,0.0,0.0,0.0,0.0,0.6343722106515918,0.0,0.0,0.0
59,0.0,0.0,0.0,0.0,0.0,0.0,0.0,0.0,0.0,0.0,0.6343722106515918,0.0,0.0,0.0
60,0.0,0.0,0.0,0.0,0.0,0.0,0.0,0.0,0.0,0.0,0.6343722106515918,0.0,0.0,0.0
61,0.0,0.0,0.0,0.0,0.0,0.0,0.0,0.0,0.0,0.0,0.6343722106515918,0.0,0.0,0.0
62,0.0,0.0,0.0,0.0,0.0,0.0,0.0,0.0,0.0,0.0,0.6343722106515918,0.0,0.0,0.0
63,0.0,0.0,0.0,0.0,0.0,0.0,0.0,0.0,0.0,0.0,0.6343722106515918,0.0,0.0,0.0
64,0.0,0.0,0.0,0.0,0.0,0.0,0.0,0.0,0.0,0.0,0.6343722106515918,0.0,0.0,0.0
65,0.0,0.0,0.0,0.0,0.0,0.0,0.0,0.0,0.0,0.0,0.6343722106515918,0.0,0.0,0.0
66,0.0,0.0,0.0,0.0,0.0,0.0,0.0,0.0,0.0,0.0,0.6343722106515918,0.0,0.0,0.0
67,0.0,0.0,0.0,0.0,0.0,0.0,0.0,0.0,0.0,0.0,0.6343722106515918,0.0,0.0,0.0
68,0.0,0.0,0.0,0.0,0.0,0.0,0.0,0.0,0.0,0.0,0.6343722106515918,0.0,0.0,0.0
69,0.0,0.0,0.0,0.0,0.0,0.0,0.0,0.0,0.0,0.0,0.6343722106515918,0.0,0.0,0.0
70,0.0,0.0,0.0,0.0,0.0,0.0,0.0,0.0,0.0,0.0,0.6343722106515918,0.0,0.0,0.0
71,0.0,0.0,0.0,0.0,0.0,0.0,0.0,0.0,0.0,0.0,0.6343722106515918,0.0,0.0,0.0
72,0.0,0.0,0.0,0.0,0.0,0.0,0.0,0.0,0.0,0.0,0.6343722106515918,0.0,0.0,0.0
73,0.0,0.0,0.0,0.0,0.0,0.0,0.0,0.0,0.0,0.0,0.6343722106515918,0.0,0.0,0.0
74,0.0,0.0,0.0,0.0,0.0,0.0,0.0,0.0,0.0,0.0,0.6343722106515918,0.0,0.0,0.0
75,0.0,0.0,0.0,0.0,0.0,0.0,0.0,0.0,0.0,0.0,0.6343722106515918,0.0,0.0,0.0
76,0.0,0.0,0.0,0.0,0.0,0.0,0.0,0.0,0.0,0.0,0.6343722106515918,0.0,0.0,0.0
77,0.0,0.0,0.0,0.0,0.0,0.0,0.0,0.0,0.0,0.0,0.6343722106515918,0.0,0.0,0.0
78,0.0,0.0,0.0,0.0,0.0,0.0,0.0,0.0,0.0,0.0,0.6343722106515918,0.0,0.0,0.0
79,0.0,0.0,0.0,0.0,0.0,0.0,0.0,0.0,0.0,0.0,0.6343722106515918,0.0,0.0,0.0
80,0.0,0.0,0.0,0.0,0.0,0.0,0.0,0.0,0.0,0.0,0.6343722106515918,0.0,0.0,0.0
81,0.0,0.0,0.0,0.0,0.0,0.0,0.0,0.0,0.0,0.0,0.6343722106515918,0.0,0.0,0.0
82,0.0,0.0,0.0,0.0,0.0,0.0,0.0,0.0,0.0,0.0,0.6343722106515918,0.0,0.0,0.0
83,0.0,0.0,0.0,0.0,0.0,0.0,0.0,0.0,0.0,0.0,0.6343722106515918,0.0,0.0,0.0
84,0.0,0.0,0.0,0.0,0.0,0.0,0.0,0.0,0.0,0.0,0.6343722106515918,0.0,0.0,0.0
85,0.0,0.0,0.0,0.0,0.0,0.0,0.0,0.0,0.0,0.0,0.6343722106515918,0.0,0.0,0.0
86,0.0,0.0,0.0,0.0,0.0,0.0,0.0,0.0,0.0,0.0,0.6343722106515918,0.0,0.0,0.0
87,0.0,0.0,0.0,0.0,0.0,0.0,0.0,0.0,0.0,0.0,0.6343722106515918,0.0,0.0,0.0
88,0.0,0.0,0.0,0.0,0.0,0.0,0.0,0.0,0.0,0.0,0.6343722106515918,0.0,0.0,0.0
89,0.0,0.0,0.0,0.0,0.0,0.0,0.0,0.0,0.0,0.0,0.6343722106515918,0.0,0.0,0.0
90,0.0,0.0,0.0,0.0,0.0,0.0,0.0,0.0,0.0,0.0,0.6343722106515918,0.0,0.0,0.0
91,0.0,0.0,0.0,0.0,0.0,0.0,0.0,0.0,0.0,0.0,0.6343722106515918,0.0,0.0,0.0
92,0.0,0.0,0.0,0.0,0.0,0.0,0.0,0.0,0.0,0.0,0.6343722106515918,0.0,0.0,0.0
93,0.0,0.0,0.0,0.0,0.0,0.0,0.0,0.0,0.0,0.0,0.6343722106515918,0.0,0.0,0.0
94,0.0,0.0,0.0,0.0,0.0,0.0,0.0,0.0,0.0,0.0,0.6343722106515918,0.0,0.0,0.0
95,0.0,0.0,0.0,0.0,0.0,0.0,0.0,0.0,0.0,0.0,0.6343722106515918,0.0,0.0,0.0
96,0.0,0.0,0.0,0.0,0.0,0.0,0.0,0.0,0.0,0.0,0.6343722106515918,0.0,0.0,0.0
97,0.0,0.0,0.0,0.0,0.0,0.0,0.0,0.0,0.0,0.0,0.6343722106515918,0.0,0.0,0.0
98,0.0,0.0,0.0,0.0,0.0,0.0,0.0,0.0,0.0,0.0,0.6343722106515918,0.0,0.0,0.0
99,0.0,0.0,0.0,0.0,0.0,0.0,0.0,0.0,0.0,0.0,0.6343722106515918,0.0,0.0,0.0
100,0.0,0.0,0.0,0.0,0.0,0.0,0.0,0.0,0.0,0.0,0.6343722106515918,0.0,0.0,0.0
101,0.0,0.0,0.0,0.0,0.0,0.0,0.0,0.0,0.0,0.0,0.6343722106515918,0.0,0.0,0.0
102,0.0,0.0,0.0,0.0,0.0,0.0,0.0,0.0,0.0,0.0,0.6343722106515918,0.0,0.0,0.0
103,0.0,0.0,0.0,0.0,0.0,0.0,0.0,0.0,0.0,0.0,0.6343722106515918,0.0,0.0,0.0
104,0.0,0.0,0.0,0.0,0.0,0.0,0.0,0.0,0.0,0.0,0.6343722106515918,0.0,0.0,0.0
105,0.0,0.0,0.0,0.0,0.0,0.0,0.0,0.0,0.0,0.0,0.6343722106515918,0.0,0.0,0.0
106,0.0,0.0,0.0,0.0,0.0,0.0,0.0,0.0,0.0,0.0,0.6343722106515918,0.0,0.0,0.0
107,0.0,0.0,0.0,0.0,0.0,0.0,0.0,0.0,0.0,0.0,0.6343722106515918,0.0,0.0,0.0
108,0.0,0.0,0.0,0.0,0.0,0.0,0.0,0.0,0.0,0.0,0.6343722106515918,0.0,0.0,0.0
109,0.0,0.0,0.0,0.0,0.0,0.0,0.0,0.0,0.0,0.0,0.6343722106515918,0.0,0.0,0.0
110,0.0,0.0,0.0,0.0,0.0,0.0,0.0,0.0,0.0,0.0,0.6343722106515918,0.0,0.0,0.0
111,0.0,0.0,0.0,0.0,0.0,0.0,0.0,0.0,0.0,0.0,0.6343722106515918,0.0,0.0,0.0
112,0.0,0.0,0.0,0.0,0.0,0.0,0.0,0.0,0.0,0.0,0.6343722106515918,0.0,0.0,0.0
113,0.0,0.0,0.0,0.0,0.0,0.0,0.0,0.0,0.0,0.0,0.6343722106515918,0.0,0.0,0.0
114,0.0,0.0,0.0,0.0,0.0,0.0,0.0,0.0,0.0,0.0,0.6343722106515918,0.0,0.0,0.0
115,0.0,0.0,0.0,0.0,0.0,0.0,0.0,0.0,0.0,0.0,0.6343722106515918,0.0,0.0,0.0
116,0.0,0.0,0.0,0.0,0.0,0.0,0.0,0.0,0.0,0.0,0.6343722106515918,0.0,0.0,0.0
117,0.0,0.0,0.0,0.0,0.0,0.0,0.0,0.0,0.0,0.0,0.6343722106515918,0.0,0.0,0.0
118,0.0,0.0,0.0,0.0,0.0,0.0,0.0,0.0,0.0,0.0,0.6343722106515918,0.0,0.0,0.0
119,0.0,0.0,0.0,0.0,0.0,0.0,0.0,0.0,0.0,0.0,0.6343722106515918,0.0,0.0,0.0
120,0.0,0.0,0.0,0.0,0.0,0.0,0.0,0.0,0.0,0.0,0.6343722106515918,0.0,0.0,0.0
121,0.0,0.0,0.0,0.0,0.0,0.0,0.0,0.0,0.0,0.0,0.6343722106515918,0.0,0.0,0.0
122,5.900227158745612e-05,0.0001604492579221821,8.022462896109105e-05,0.0,0.0003208470361755033,-1.52571594220588e-05,-4.166840285011876e-05,2.083420142505938e-05,0.0,8.333333333333333e-05,0.6343870871764355,8.137193075248693e-05,1.0,4.0687620791374224e-05
123,0.0001475056789686403,0.00040112314480545525,0.00020056157240272763,0.0,0.0008019246190858058,-3.8142898555147005e-05,-0.00010417100712529688,5.208550356264844e-05,0.0,0.00020832031331375123,0.6344094019637013,0.00020341741253051258,1.0,0.00010171905197843556
124,0.0005605215800808331,0.00152426795026073,0.000762133975130365,0.0,0.003043896187119513,-0.00014494301450955862,-0.00039584982707612816,0.00019792491353806408,0.0,0.0007913863839890038,0.6345135376376079,0.0007727660959043396,1.0,0.0003865323975180551
125,0.0016225624686550433,0.004412354592860008,0.002206177296430004,0.0,0.00878594249201278,-0.00041957188410661706,-0.0011458810783782658,0.0005729405391891329,0.0,0.002289139075604021,0.6347813150847962,0.002235318024791709,1.0,0.0011189095717627912
126,0.003923651060565832,0.01066987565182511,0.005334937825912555,0.0,0.021114462613113193,-0.0010146011015669102,-0.002770948789532897,0.0013854743947664485,0.0,0.005526583698655752,0.6353614995537042,0.005396851160525888,1.0,0.002705726782626386
127,0.007178385147156413,0.019440074071668867,0.009743366636431671,361.8681889252736,0.03813160129644231,-0.0018766306089132326,-0.005104379349139547,0.002558207390726138,0.0,0.01015670342426001,0.636187146682535,0.009918827554098095,0.9959349593495935,0.004984233546943342
128,0.011937003471274882,0.032378870157782756,0.016212764679488616,121.01821400123904,0.0626881644639489,-0.0031887463192102894,-0.00868786199424976,0.004349948713281245,0.0,0.017225710508922673,0.6374665278191014,0.01682367417747564,0.9976076555023924,0.008483368935001526
129,0.01581682843110079,0.04260032752377138,0.02141681176487188,32.80542761896333,0.08146929091857487,-0.004600033565750728,-0.012458852452185507,0.006259514806874576,0.0,0.024608547149235615,0.6387831002677774,0.024036335865589457,0.9917081260364843,0.012165598616620893
130,0.017844677581339282,0.04793073918500829,0.024120846311038092,7.102576251906787,0.09000996907258339,-0.007613322551607342,-0.020625859410808783,0.010361071434655306,0.0,0.04041146216017634,0.6416765843498958,0.03947919366737782,0.9919839679358717,0.02014037229173024
131,0.02031807536426879,0.05426497545539613,0.02738895147792476,4.997730433169623,0.10010898725677313,-0.010466411363532338,-0.028272011333805577,0.014226271409248254,0.0,0.054972655458780634,0.6443543588217793,0.05371385595820056,0.989067055393586,0.02760655070694741
132,0.02241808189308554,0.05978105826321878,0.030185659741040916,3.7724246098111927,0.10799091822462828,-0.014089986726271302,-0.03802241760073336,0.019143598555806697,0.0,0.07322700371150566,0.6477833977982743,0.07156582094819812,0.9880887926367081,0.03712745397212898
133,0.02308519170499726,0.06142225213426703,0.03102942442081936,2.834825636043905,0.10821452862115666,-0.018873106205086736,-0.0509812908871203,0.025653123779781985,0.0,0.09696465366936124,0.6523728057125855,0.09479168684266595,0.9890864995957963,0.04978130403824636
134,0.023051170463408967,0.061324152434666615,0.030964389887039867,2.4780828009582447,0.10641221190087854,-0.021955052408342616,-0.05918996624859369,0.029817638622082327,0.0,0.11168330843619781,0.6552290984825945,0.10919993081313781,0.987143849895761,0.057796765334147085
135,0.020946343368665656,0.05560983673336856,0.028083578723107763,2.0957378778958122,0.09527898704296861,-0.025021741452176435,-0.06741947581149214,0.033974517416626104,0.0,0.12621397090370137,0.658115144302291,0.12342900734242397,0.9865853658536585,0.0658325704404435
136,0.019589664349974396,0.051583321279960015,0.026147816571156078,1.8680491946846522,0.08710894198424904,-0.028210487771386725,-0.07591982999291637,0.038284871668901856,0.0,0.1409780253791396,0.6610755727462065,0.1378918888237186,0.9853975121687398,0.07413284508188384
137,0.019415707322919175,0.05057388816240667,0.025790584388923708,1.8076596861267118,0.08475859376332105,-0.029675175075904368,-0.079649152048002,0.040227763006477416,0.0,0.1473558433549183,0.6623103243082415,0.14414176642473372,0.9827763496143959,0.07777438714271183
138,0.018724895490496017,0.04855292283643589,0.02481061438681059,1.7202207985083937,0.08070518940006,-0.031506034206551424,-0.0843160131672153,0.042657477024585895,0.0,0.15527163904235727,0.6638574828919964,0.1519001595195646,0.9799031476997578,0.08233140067134574
139,0.017112811568944855,0.043800745111660155,0.022527196501439986,1.599294118278099,0.07211105055028821,-0.03371069374303892,-0.08992041335055627,0.04558003143938366,0.0,0.16467939790525973,0.665709610235049,0.1611229327658939,0.9766915591762843,0.08780388566778558
140,0.015620416410449214,0.03961784738887855,0.020458429815274737,1.5045048272264039,0.0646485278647295,-0.035793296004149946,-0.09525396891537147,0.04834911039644946,0.0,0.1735433668627823,0.6674873549538828,0.1698144743439746,0.9744245524296675,0.09301190112908148
141,0.01539082555156776,0.03894626950555587,0.02012998579023135,1.4789352440208225,0.06321554763753037,-0.036937582960804356,-0.09814992291345473,0.049863282273211094,0.0,0.1783118849356548,0.6684394525438857,0.17449117543567236,0.972945064023131,0.09583969077408198
142,0.015240802638739233,0.03862438704086897,0.01993772261530102,1.4586519065270154,0.062388489720013346,-0.03802084127977053,-0.10102504271011292,0.05132491303616565,0.0,0.18304329772375524,0.6694361797084201,0.17913149485583407,0.9729133226324238,0.0986471366086868
143,0.015277732533929694,0.03851746459998051,0.019938427369012142,1.4452374093214184,0.06185080621613406,-0.039142242497291854,-0.10390016250677112,0.05281663237990202,0.0,0.18773174725667713,0.670395715560845,0.18373061194414766,0.9719352952640811,0.10145458244329163
144,0.01642272800024011,0.04125749974007352,0.021409270114408473,1.4603262730215059,0.06559828615130575,-0.040835787193140384,-0.10829617900745864,0.05508083550796579,0.0,0.1948604524751176,0.6718833680452246,0.1907242973508476,0.9710442742387446,0.10574712643678161
145,0.01822231547557957,0.04622532625283747,0.02386169957186065,1.4870085765181278,0.07262725295168707,-0.04308621820789405,-0.11427559481645068,0.05811868514171273,0.0,0.2044886850836968,0.6739586432609342,0.20017152345674505,0.9711402266288952,0.11158580002034381
146,0.01973919549407123,0.050189820130871754,0.025882289657396782,1.506931783540333,0.07801817968154862,-0.04503913461391758,-0.11929663735988999,0.060719472155777846,0.0,0.2124596489926162,0.6756396905682832,0.20799505984489366,0.9698509485094851,0.1164886583257044
147,0.022077232173094527,0.056040675133218476,0.028939216851135163,1.5286285197379001,0.0854466786491205,-0.04854065270128007,-0.12838034918121588,0.06539973553803717,0.0,0.2267066463089347,0.6787116929485272,0.22198205987247377,0.9684111268269684,0.12535855965822398
148,0.022698635954514566,0.05757635689005258,0.029737732246767408,1.5134283362822853,0.08663166562453589,-0.05121065560014037,-0.13542230926288595,0.06899292817274857,0.0,0.23761218036592271,0.6811365664980661,0.23269134388200757,0.9682705198867868,0.13223476757196623
149,0.022354090340165347,0.05669913369864073,0.029267151283102914,1.4770849724201325,0.08433413168104206,-0.05383488702073448,-0.14217259052460518,0.07248842312673548,0.0,0.2478975569884661,0.6833977982743231,0.24279513271187644,0.9669831373104719,0.13882616214016885
150,0.020856146352024735,0.05212596906661629,0.027104238174008997,1.4119724013107313,0.07628612452474243,-0.05731351936896389,-0.15117296554023085,0.07713303582230106,0.0,0.2614256633820324,0.6864326093424576,0.2560880920448931,0.9657926261147345,0.14761468823110568
151,0.01963853372097702,0.048795203839761964,0.02543053950590635,1.3699676027558914,0.0707406942218484,-0.059518178905451385,-0.15692320513354724,0.08008638592899199,0.0,0.26996415770609317,0.6883888723594168,0.26448022192180065,0.9653934888490131,0.15322957990031533
152,0.018726215285099317,0.045948869426380795,0.02410004327623303,1.3374175382454732,0.06588732448057738,-0.06176098134049403,-0.1626317763240135,0.08306102584735241,0.0,0.2783185367418975,0.690278191014579,0.2726939267436377,0.9641798418972332,0.1588037839487336
153,0.017308335413014783,0.042206190415747885,0.02218091157532165,1.2970185982984717,0.05990834397447681,-0.06424026974657858,-0.16886120255010625,0.08633219958046426,0.0,0.28731455715273224,0.6923088366557573,0.281540919827706,0.9624747654672842,0.16488658325704406
154,0.015284086796252767,0.036585973022090656,0.019385492711728944,1.2480161295603038,0.051230305882786265,-0.06715438719619181,-0.17636151506312764,0.09021474559241496,0.0,0.2980581327793525,0.6948229693543588,0.2921080782635702,0.9616039986368283,0.17221035499949142
155,0.013449822583294815,0.031783417116577284,0.01691325481912301,1.2078840141417695,0.043994549859544096,-0.06983201867476313,-0.18323680153339722,0.09377876086683341,0.0,0.30777575587905937,0.6971213924427254,0.30166869608465247,0.9607821717282062,0.17892381243006816
156,0.011230022541161691,0.025740987274589622,0.013875569645121134,1.1652664163284572,0.035118160206019156,-0.07259356453015578,-0.1903204300179174,0.09745296486453352,0.0,0.3176617866954133,0.699486759892889,0.3113974535971775,0.9599621689785625,0.18584070796460178
157,0.009204763392471296,0.019986034486094983,0.011051288086971638,1.1289320877360325,0.026711881143439253,-0.07559922493630136,-0.19784157673236386,0.10141212285491677,0.0,0.3279685017614147,0.7019265099672717,0.32154406162702104,0.9582240161453077,0.19318482351744481
158,0.007163317541005021,0.013869546094559426,0.008139880842376476,1.0961192360236578,0.017918947990997747,-0.07828448499458371,-0.20457102379265804,0.10495136015359842,0.0,0.33707518022657057,0.7041133591193097,0.33051146978137574,0.9568310270902358,0.19975587427525177
159,0.0037682060747105256,0.004579101123374396,0.0034856948767367888,1.0476382174487138,0.005075471201205217,-0.08209877485009841,-0.214383932663861,0.11003232835773447,0.0,0.3502382573179033,0.7074010711097888,0.3434751406111788,0.9561419810444155,0.20933780897162038
160,2.0612621361160155e-06,-0.005518706671402723,0.003884213998215866,1.0000244479743956,0.008462267407713053,-0.08646995102451825,-0.2257177382390933,0.11587374491388519,0.0,0.36519306288237574,0.7112317762570664,0.3582079682592164,0.9558006175562417,0.22040484182687417
161,-0.003592466239293879,-0.016117901998039308,0.009391997647137159,0.960084281898848,0.022521333806924837,-0.09137512777871017,-0.23800991707987834,0.12233877329056501,0.0,0.380952380952381,0.7152261231776257,0.37374249586966124,0.9537485389881449,0.23240768996032957
162,-0.006753075321170074,-0.025375909455715606,0.014182690016726757,0.9293470913614565,0.03435238398813856,-0.09628030453290207,-0.25042710112921374,0.12883019797458184,0.0,0.3965753311667959,0.7193097292472479,0.38914788914788917,0.9523809523809523,0.24453260095615909
163,-0.011659463400545092,-0.03868417833220014,0.02078822297765949,0.8862418797980587,0.05064269438328467,-0.1021009108524175,-0.2653652235509813,0.13657607412865838,0.0,0.41500765696784075,0.7243008033323416,0.40732982618845837,0.951658696951584,0.25911911300986673
164,-0.01449977963435281,-0.04698053978777533,0.025074762745601296,0.8652134482454942,0.06049018243830706,-0.10657888714279176,-0.27663652652193843,0.1424885405573297,0.0,0.4285368490696962,0.7279827432311812,0.42068244463454046,0.950397251449431,0.2701251144339335
165,-0.01757913655029547,-0.055638928820812755,0.029456828385531986,0.8443315900848725,0.07035912276947165,-0.11127046366507484,-0.2885953581399225,0.14871468272873267,0.0,0.4426690527930462,0.731947337102053,0.43463390910089267,0.9496777732071849,0.2818024616010579
166,-0.021823858897142875,-0.06738180068541874,0.035349489785974235,0.8175119556640522,0.08341332922685268,-0.11700715560776895,-0.303158464936039,0.15631517508307824,0.0,0.45948591638246816,0.7367524546265992,0.45124277053323614,0.9486895292736993,0.2960227850676432
167,-0.02496946932612064,-0.07599597761713173,0.039646643633726025,0.7997842447997331,0.09260275462012729,-0.12114120895893488,-0.3132946190533796,0.16170219109803582,0.0024551468314004525,0.47010353966444446,0.7402930675394228,0.4634652324241261,0.9472361809045227,0.30678466076696165
168,-0.027278268945638104,-0.08263697633832623,0.04305068863495045,0.7883439578174647,0.09953872610591985,-0.12451240433899785,-0.32134735302821427,0.1660474970417405,0.004766278342568757,0.4781475563378635,0.7430898542100566,0.47314550696340585,0.9455554200707231,0.3155121554267114
169,-0.02876577077051895,-0.08683374773978753,0.045178615858495835,0.7816221012850886,0.10374344463742596,-0.12551619259979369,-0.32300524766175254,0.1671171530047642,0.0163558544188107,0.4760064985485779,0.7449642963403749,0.47962482356690794,0.9442452491932593,0.32145254806225204
170,-0.03059260622408018,-0.09116623848492866,0.047139811897165394,0.7748592879821626,0.10729550654176673,-0.12869603663486892,-0.33029784840862175,0.1711365517798934,0.02042453499486553,0.48217070288028957,0.747738768223743,0.489139276353448,0.9422552376530672,0.33030210558437595
171,-0.03241472586197568,-0.09599191718824152,0.04949605742952264,0.7678391663812066,0.11166284785810054,-0.13206024028743288,-0.33842318696439494,0.17550612458175457,0.019914586518800556,0.49070780755135474,0.7502603391847664,0.497583312134317,0.9408103214124038,0.33823619163869395
172,-0.03414192386502164,-0.10019941363208645,0.051433261320406015,0.763781210352266,0.11457803816225859,-0.1366526452734726,-0.34944447951825136,0.18145606413809737,0.01925821744766352,0.502076151716137,0.753652186849152,0.5088315116641208,0.9387654591222502,0.3489980673380124
173,-0.03341850653333142,-0.09806608134829853,0.050294016675233595,0.7761196093829463,0.10997170544152685,-0.141695136462463,-0.361945000373287,0.1880734052511534,0.018585614587423346,0.5148955221524162,0.7576614102945551,0.5215156410632986,0.9376815421177713,0.3612043535754247
174,-0.030417101709977842,-0.09055874846954959,0.046709221936885606,0.8017614145831139,0.09977965983095116,-0.14674525623116447,-0.3744455212283226,0.1946967640803658,0.017957491407064236,0.5274561058576839,0.7616631954775365,0.5339481033279032,0.9366229524927285,0.37341063981283695
175,-0.027705992428895848,-0.08297378202712485,0.04283649158309098,0.8237380665161683,0.08977391072567009,-0.151291889738938,-0.3856543215950045,0.2006501918007759,0.017427236508203242,0.5384917967262779,0.7652335614400476,0.5448751225702256,0.9356212548903086,0.3843556098057166
176,-0.025403023907233313,-0.07706792428448062,0.0399752625507286,0.8408662783361396,0.0825556116081742,-0.15439672168132698,-0.3932171367123011,0.2046963788703042,0.017082771195258813,0.5457896261138543,0.7676063671526332,0.5521037918428787,0.9347572815533981,0.391740412979351
177,-0.025124499712203957,-0.07691301793837135,0.04005836502402496,0.8457065371021181,0.08169713698602726,-0.1577532967541799,-0.4008216202324478,0.20894994934210487,0.01672537405171291,0.5527875561386224,0.7697634632549837,0.5590426668566137,0.9325570342205323,0.3991659037737768
178,-0.025672344163375077,-0.07789772114168236,0.04039119349857348,0.8454108822412277,0.08172632289107429,-0.16092678591396814,-0.407571901494167,0.21287871985935,0.016400957788109023,0.5587148139864624,0.771489140136864,0.5649261446516831,0.9295768083519761,0.40575729834197943
179,-0.02660522827371825,-0.08068337870977416,0.041844400178992235,0.8421660687795343,0.08410950750833601,-0.16324587414612107,-0.4129054570589822,0.2158343480172631,0.01617173195170678,0.5635529869945078,0.7730362987206189,0.5697243178453077,0.9283547794117647,0.41096531380327533
180,-0.02792297452528436,-0.08426819952777015,0.04362622854451384,0.8368799240197742,0.08722686955049319,-0.1652820680767539,-0.4169788585616305,0.2182862711833764,0.017719310155081745,0.5660895035526317,0.7742933650699196,0.5739518688045829,0.9262246793855078,0.4158071406774489
181,-0.030255885776977604,-0.090657241748687,0.04681735067177091,0.8269811441431771,0.09297494686028906,-0.16815740577559996,-0.4230315091996595,0.2218180846595255,0.0191304368130513,0.5703712913676916,0.7761454924129724,0.5799075922332808,0.9238569649528554,0.4225816295392127
182,-0.033343008296293136,-0.09846202236253332,0.050529057765343124,0.8138999620775952,0.09971203310221421,-0.1714599439382637,-0.4300842015060913,0.2258980606991269,0.020440261011495563,0.5754692374811877,0.778295150252901,0.5866707344131352,0.9214183037853378,0.43033262129996946
183,-0.03560225546747661,-0.10467828316670158,0.05364259080793016,0.8048436609166666,0.1052106881880227,-0.17391570975300313,-0.4355118261013684,0.22896691824999096,0.021800620926706833,0.5792307116945286,0.780110086283844,0.592101995198278,0.9201080663836356,0.4364967958498627
184,-0.03716140030901052,-0.10922166694709212,0.055989026715048344,0.7996934181488852,0.10904911513503945,-0.17637910414745364,-0.4405644350709946,0.23196260459500045,0.023118504044570443,0.5824293370782572,0.781649806605177,0.5969768112360476,0.9180390169749176,0.4422947818126335
185,-0.039066297006693146,-0.11422068463816426,0.05842265454855222,0.7930317894433582,0.11311254763161116,-0.17920167864053452,-0.4464396798728613,0.2354297860176939,0.022762657198056962,0.58714439629981,0.7830928295150252,0.6016637753220321,0.9156411109263263,0.4480317363442173
186,-0.04055278829964562,-0.11866997011091401,0.060753525100779825,0.7882472607628528,0.11690877841564395,-0.18103126406675754,-0.44987795335609454,0.237570162890256,0.025674811896248186,0.5879446656383325,0.784431716750967,0.6058454717314727,0.9138765796816019,0.45311768894313903
187,-0.04215795782372525,-0.12303903095470259,0.0629273116228548,0.7830541737398502,0.12042097303021382,-0.18319714385247787,-0.4542221994772686,0.24018157923025765,0.026922452326029606,0.5904098222376626,0.7857557274620649,0.6099849697363611,0.9120505344995141,0.4582239853524565
188,-0.04374559326912453,-0.1273114024255651,0.06503725434351623,0.7783108274164523,0.12368213145747065,-0.18556136671068496,-0.45914980323834437,0.24307263895789738,0.028108625673771315,0.5933860222328277,0.7873028860458197,0.6146278352043772,0.9104447816018526,0.4638999084528532
189,-0.04568369638633821,-0.1325181645155905,0.06760623817542655,0.7725925395696801,0.1276233069103455,-0.18840619009068696,-0.4652024538763734,0.24658038156942105,0.02918970777406495,0.597252150131547,0.78918476643856,0.6201517141555204,0.9087552535449154,0.470674397314617
190,-0.04631903371296217,-0.13431128008792564,0.06850771303306824,0.7729816414837498,0.12819697022215537,-0.19054791043285016,-0.46942232503709547,0.24911757499688394,0.03327798641533415,0.5977092206412478,0.7911112764058316,0.6256348730253949,0.9074245939675174,0.4773878547451938
191,-0.04806326962468532,-0.13884331565833236,0.07069348368568934,0.7687502838744922,0.13111676625024205,-0.19400365704194647,-0.47765183459999394,0.2535813573154023,0.03270459902626008,0.6044710813559191,0.7936179708420114,0.6323474850267662,0.9068141222969635,0.48542365985149016
192,-0.05052226967498041,-0.145299692778373,0.07383310905845192,0.7619652970978652,0.1356643248135575,-0.1972750440335541,-0.4850069379511384,0.25768616683807644,0.0350027456458516,0.6084553598545595,0.796347813150848,0.6396409439698857,0.9059354261427187,0.49433424880480115
193,-0.05347704449425275,-0.15328902939678357,0.07778571152525102,0.7545650940527843,0.14111383574579905,-0.20229464948341142,-0.49711160897909784,0.26420186649609617,0.03416388322470612,0.6181949751890823,0.8000966974114847,0.6493116722124356,0.9053857350800583,0.5061540026446953
194,-0.054858331315122966,-0.15758347412001356,0.08007032178896269,0.7526405415097135,0.1438060432272661,-0.20592585342586142,-0.5055702947576719,0.26885244951632875,0.033581683295773,0.6247588218258427,0.8025959535852425,0.6558337980314092,0.9044927743597081,0.5144135896653443
195,-0.05550361463500353,-0.15991244823199152,0.08138753400565595,0.753239003924512,0.14490435602258067,-0.20899254246969523,-0.5123622444222413,0.2727057707764971,0.033105229682273286,0.6297961358960321,0.804455519190717,0.660843987460168,0.9031666549121941,0.5210456718543384
196,-0.055539834458397636,-0.16008978861171047,0.08148927546532211,0.7556174365010646,0.14407519885860876,-0.21107450787859425,-0.5167064905434153,0.27525099223877875,0.034109022559051703,0.6319329369592476,0.8058613507884558,0.6646364968005551,0.9020613163126504,0.5261519682636557
197,-0.05597845050169509,-0.16151884311230885,0.08226337133027956,0.7561209225759629,0.14458673384481469,-0.2129810159541396,-0.5204465448232627,0.2775302240773352,0.03511907871559215,0.6334905654313451,0.8070068432014281,0.667852936658303,0.9006940368081212,0.5306682941714983
198,-0.05665931634086163,-0.16290985159099614,0.08281679383358179,0.755233408831346,0.144917135335485,-0.21480424650507562,-0.5244675456982992,0.2798175394580462,0.03483137528743604,0.6363943421943733,0.8081002677774471,0.6707421351541064,0.8999315068493151,0.534594649577866
199,-0.05806590284378507,-0.16664019844280253,0.0846413581241651,0.7519915008656465,0.1472699324284127,-0.21715384905607266,-0.5300302774787902,0.2828456317107026,0.034467490083293494,0.6405819013201564,0.8097813150847962,0.6749043387615524,0.8995865527992409,0.5400264469535144
200,-0.06150416672286724,-0.17563700028108142,0.08901236714049904,0.7427056072723125,0.153474619837613,-0.22099801637821948,-0.5390622189206026,0.2877708071302416,0.0351458459631881,0.646341701563399,0.8128161261529306,0.682288181600111,0.8991414880873153,0.5497101007018614
201,-0.06373829172994658,-0.1818249561568795,0.09212006377357645,0.7373698182285964,0.15763958935451539,-0.22416387695829668,-0.5467500392464495,0.29189153223635783,0.034666689390431105,0.6520894364493767,0.8152186849152038,0.6880008037979454,0.8990054813404668,0.55721696673787
202,-0.06521652124952304,-0.18575225676866608,0.094042781231464,0.734445784221983,0.15992945515720303,-0.22674996548033563,-0.5527919576597167,0.29520735953465327,0.034284870367611776,0.6564495990906937,0.8170113061588813,0.6923375145383374,0.8985262611179641,0.5631166717526193
203,-0.06604639946958973,-0.1879902156127099,0.09514334812436281,0.7342629500231718,0.16062961498793094,-0.2292591313530523,-0.5581362454492936,0.2983007435603872,0.03513460389295234,0.6590664520309756,0.818714668253496,0.6966015187352173,0.8974819566960706,0.5691994710609297
204,-0.06673586392610842,-0.18954013182946594,0.09581553878127594,0.7334621448032606,0.16107853420094687,-0.2306621531676697,-0.5611471026792639,0.30002882767315786,0.03613072967366435,0.6601224292483979,0.8198304076167807,0.6993072969684931,0.8970349374183891,0.5730037636049232
205,-0.06757519196942857,-0.19178635584378695,0.09692040011565625,0.7323005308832838,0.16225075188591098,-0.23224063231564077,-0.5640329547006838,0.30186892295018786,0.03708579428997704,0.6608096999784703,0.820685807795299,0.7016497320577716,0.8957530177589584,0.5766859932865426
206,-0.06798616861476198,-0.19316503216364772,0.09767843222663498,0.7323282550403722,0.1628756706577228,-0.23373583393900252,-0.5673872611301184,0.3037566962303779,0.03685730140424727,0.6630973076642536,0.8216230288604582,0.7039273059496032,0.895295521638088,0.5799613467602482
207,-0.06867648427718201,-0.1951109549912281,0.09866624533000401,0.7307175821433308,0.16420264259617456,-0.23432259772453978,-0.5685647086346834,0.304453738873475,0.03794750547109051,0.6628728796358854,0.822225528116632,0.7053529600315604,0.8951156168841328,0.5819753839894212
208,-0.06948985714241876,-0.19682853609075163,0.09937544737076348,0.7291129533704168,0.16492508800258499,-0.23564234201454787,-0.5713564916256414,0.30608432129905216,0.037742997248714306,0.6646743299947458,0.8229321630467122,0.7071487445717027,0.8944665753765716,0.5847014545824433
209,-0.0698504301335168,-0.19798146174784076,0.09999662712438748,0.7292400417567206,0.16539875702992501,-0.23703837210166623,-0.5741274404151743,0.30777068150163683,0.03752905323630833,0.666353586771613,0.8235495388277299,0.7088253344789491,0.8935169425963175,0.5874071813650696
210,-0.07046825157338243,-0.19962344277796307,0.10080017624838304,0.7285198322498816,0.16616251217700084,-0.23820490794524174,-0.5763049295881423,0.3091362410313136,0.03851063668832497,0.6666295512795685,0.8243008033323416,0.7107502785839365,0.8927340962224684,0.5903977214932357
211,-0.0710327970892547,-0.20055419278640862,0.10108318409393037,0.7285396435537294,0.16587467597728656,-0.24021122440924247,-0.5801384226503532,0.31152838713877185,0.03820127178869366,0.6688406811708867,0.8250818208866408,0.712960476527598,0.8911842787830704,0.5941409826060421
212,-0.0714311329895225,-0.2013497154255956,0.10139319150798072,0.7283801518790681,0.16592855281678365,-0.24145468290214026,-0.5824718532099598,0.3130020059425497,0.03801201863382292,0.6701534773329064,0.8255355548943767,0.7142735323855814,0.8901742879698792,0.596419489370359
213,-0.07225782028777705,-0.20299786253513108,0.10203603089847345,0.7271047244687113,0.1663860564439852,-0.24308719896030054,-0.5858678280422445,0.31500689688266664,0.03776637990971258,0.6722624626176372,0.8263686402856293,0.7163772887987071,0.8893447568480753,0.5997355304648561
214,-0.07328342745116398,-0.20545596353354395,0.10316134280815747,0.7253053108816173,0.1675967557855913,-0.24456650657202822,-0.5885870064522639,0.31673356677321457,0.03867447058379878,0.6727761029547349,0.8272017256768819,0.718538352496456,0.8882930920855551,0.6032550096633099
215,-0.07418934585149539,-0.20785801224622724,0.1043369334314439,0.7238246732590284,0.1688922630177041,-0.24622953694903266,-0.5920663180902488,0.31878012611618156,0.03842330025021913,0.6749246231932361,0.828064564117822,0.7206815298169295,0.8875,0.6066524259993897
216,-0.07435133582143724,-0.2084493655005889,0.10467046763611496,0.724537314559114,0.1688370834314925,-0.24750350976077456,-0.5949831062897571,0.3204009985521576,0.038233085892544774,0.6768580813620413,0.8289050877714966,0.7226067871011311,0.8872567891728611,0.6095005594547859
217,-0.07456777157332792,-0.20840662932252824,0.10445971118447706,0.7255155796552278,0.16776695175866252,-0.24924282593488928,-0.5984832521291671,0.32251213444124444,0.03797641244623713,0.6789204407971093,0.8297084201130616,0.7246662657847265,0.8862479776437712,0.6129183196012613
218,-0.07442514103605197,-0.20798077626348055,0.10422999068925931,0.7273482617894781,0.16671986084965473,-0.2506159702828745,-0.601608382342926,0.32425523103281484,0.03777619704466949,0.6809634299300437,0.8306010116036894,0.7267010680427218,0.8859692757863936,0.6159698911606144
219,-0.07409791559858991,-0.20699797536126502,0.10370564973213545,0.7300323696177335,0.16508863821827424,-0.25162929768001746,-0.6033590855107295,0.32539536212759657,0.03981957570859119,0.6798697203711174,0.8315307944064266,0.7288941024382651,0.8853960683959521,0.6194079951174855
220,-0.07362352132613537,-0.20564130669718222,0.10300204352338176,0.7332493800110405,0.16313679482021637,-0.253322842375866,-0.6070050707601148,0.32750118741163836,0.039563901209464444,0.6821226603070035,0.8324828919964297,0.7311406912194831,0.8847731869401907,0.6229681619367308
221,-0.07301929658749756,-0.20395799981567359,0.10213252850442839,0.7391886341682914,0.15979966553073033,-0.2575490755357763,-0.6162346219914161,0.33278392952064545,0.03893996083911393,0.6878436714001855,0.8349523951204999,0.7368446020469883,0.8834319190080765,0.6319804699420202
222,-0.07376671639983123,-0.2060009727974223,0.10313366019006459,0.741352154595005,0.15916719704055415,-0.26272125257985424,-0.6279017747894494,0.3393275964261131,0.03820263871078932,0.6951681335987306,0.8382401071109788,0.7441439109615633,0.8823447352268289,0.643373003763605
223,-0.07543574514526899,-0.21065429646181832,0.10546442981202211,0.7408236698967748,0.16042102087089272,-0.26799196430796346,-0.6403505252649716,0.3460995838341034,0.03850905566210409,0.7021486856924656,0.8423237131806011,0.752729563269877,0.882208186366992,0.6563930424168447
224,-0.07728752524498528,-0.21527167319516727,0.10764209345959838,0.7386148322948449,0.16203232455724215,-0.27225634036642893,-0.6502884393447249,0.3515619935988019,0.0379287623120093,0.7083507926178615,0.8452618268372508,0.7589092215513344,0.881773133685231,0.6660970399755874
225,-0.0787303315713028,-0.21944112361710089,0.10976393894308924,0.7381480738612803,0.16338672300810264,-0.276687908326325,-0.6598204016207389,0.35705611839172896,0.03834152214273414,0.7128093665393178,0.8480809282951502,0.7649928660192388,0.8805128069292506,0.676268945173431
226,-0.07885454044015289,-0.219623580530801,0.10982646365724717,0.7404651021515553,0.16207148784491343,-0.27959376034401523,-0.6658938864601929,0.36061640211705964,0.038944103512283,0.7151417762709519,0.8499181791133591,0.768954184749625,0.8795515272174779,0.6830637778455905
227,-0.07819133162184966,-0.2185898438768371,0.10949529387976407,0.744521283788651,0.16054719854476984,-0.2820501630109667,-0.6710191000107575,0.36363635532022565,0.03861803347923513,0.7179321631377154,0.8511826837250818,0.7717424786939111,0.8785847880299252,0.6880683552029295
228,-0.07824052903428547,-0.21865199664539048,0.10949818497315587,0.7465269047625531,0.15957567335262135,-0.28472016590982696,-0.6758318005399462,0.36675881380742736,0.03826974674150754,0.7201032610880397,0.8520157691163345,0.7739230236020046,0.8766153529320908,0.6927677754043332
229,-0.07757024649248367,-0.2164884571321367,0.10831251477066364,0.749995342572965,0.15703860217194499,-0.28653576788105195,-0.6794361173864815,0.3689521237808587,0.03803647829596949,0.7219354266846046,0.8528191014578994,0.7757567515497683,0.8757036127315525,0.6962872546027871
230,-0.07715754924342552,-0.21458822232914465,0.10745549874521865,0.7527362952259281,0.1545767866625819,-0.28845816996823137,-0.6827487554130659,0.3711680903966928,0.037792567854456324,0.7233105812648007,0.8533100267777447,0.7771411781989129,0.8741356518202156,0.6995219204557014
231,-0.0763803962015829,-0.21255121863704063,0.10641593328737031,0.7558881663340936,0.15268663029325003,-0.2892203910871223,-0.68359285569483,0.37193315035848756,0.0386503997249661,0.7223162050815388,0.853503421600714,0.7777865532375805,0.8731381092309252,0.7012104567185434
232,-0.07585054561525117,-0.21105469804413934,0.10568559995101401,0.7583343978263397,0.15113789234342878,-0.29005126942341247,-0.6846036295879946,0.37278756484213904,0.039493224614438605,0.7214242442287779,0.8537488842606367,0.7785312007208831,0.8721514195583596,0.7030617434645509
233,-0.07499281409542724,-0.20877239590559205,0.10453073018656198,0.7615809483763939,0.1491103868083402,-0.290966698988736,-0.686145360493449,0.373835245238059,0.03937386466093822,0.7220332204390242,0.8539571556084499,0.7791451068616423,0.8713800478047553,0.7045671854338318
234,-0.07405028445195949,-0.20615273050723537,0.1032389863038209,0.7653269321801247,0.14667246270698842,-0.2922406718004779,-0.6883329516430802,0.3753021392145692,0.039208951052431586,0.7229238454050227,0.8542770008925915,0.7800419908608126,0.8703648025656444,0.7067032855253789
235,-0.0736665921686919,-0.20416715454130108,0.10252091274386063,0.7671740168358862,0.1444709437872045,-0.2929113499628365,-0.6890520467162939,0.3759685902751506,0.04006157100856561,0.7218977130480793,0.8544703957155608,0.7806491395257582,0.8695054945054945,0.7082697589258468
236,-0.07301772650725694,-0.20183804923614412,0.10152193328426373,0.7698686161493642,0.14212524953830952,-0.29398697970209164,-0.6909687932473995,0.3772218316323652,0.03992084650651759,0.7227209826629822,0.8547902409997025,0.7814766723381391,0.8687439337000075,0.71014138948225
237,-0.07264128546543705,-0.20075911653201328,0.10099958461057805,0.7715062956904193,0.14106219661480757,-0.2947269519340615,-0.6921980111314779,0.37806511378834634,0.03982460866296234,0.723188559765984,0.8549464445105623,0.7819484977580982,0.868116589701574,0.7113416742955956
238,-0.07219589615877303,-0.19949247918702218,0.10038338361646222,0.7733469060297409,0.13985840434395713,-0.29547455274574236,-0.6934480632169815,0.37891881304503994,0.03972784873612535,0.7236687843109698,0.8551100862838441,0.7824329003361965,0.8674955419060828,0.7125623029193368
239,-0.07134254361063866,-0.19702863848702779,0.09919369096521415,0.7767717498445696,0.13759453911508135,-0.29678666845603946,-0.6953439755466619,0.3803542042185457,0.03955915715238393,0.7241857722119207,0.8551844689080631,0.7829615508957337,0.8660599782973266,0.7144135896653443
240,-0.07083309937274546,-0.1956982412570406,0.09851315509161296,0.778482976353532,0.1365070356384266,-0.2970918116444806,-0.6960523383951139,0.3807444919397099,0.03952013166872064,0.7245956730828604,0.8553927402558762,0.7833702907190532,0.8660441509805854,0.7151052792187976
241,-0.07102831395414044,-0.19586023203481606,0.09870215871612555,0.7777826253262239,0.13648658361910937,-0.2966029456907627,-0.6952088683614482,0.38016629630281157,0.040509013898146186,0.7232312700710452,0.8556010116036894,0.7836244273788161,0.8666058574105118,0.7151459668395891
242,-0.0711532328947869,-0.19618113055066044,0.09886898175260816,0.77721156317335,0.13675516757188455,-0.29630543108203256,-0.695125531555748,0.37991400783448864,0.04054803895908603,0.7234905155184314,0.8558315977387683,0.7838760035682426,0.8673411474398519,0.7150645915980063
243,-0.07091064625494164,-0.19517317335637085,0.09846679946887073,0.7781714652641383,0.13573849630363255,-0.29666397432845093,-0.6958338944042,0.3803464195687474,0.040501018040480626,0.7238373346244468,0.855987801249628,0.7842232549845642,0.8671744059942817,0.7157562811514596
244,-0.0707806746546534,-0.19469490862231087,0.09826520096664512,0.7784470791132649,0.13530732447398008,-0.2965037741545193,-0.6961255732241508,0.38028163891325006,0.04052201390260633,0.7243420609178336,0.8563522761083011,0.7847189708603661,0.8679687307341373,0.7160410944969993
245,-0.07095633409351126,-0.19520813633857548,0.09851285134473024,0.777814235922517,0.13570164559023945,-0.29633594540087665,-0.6962714126341263,0.38018004484970325,0.040544032928611154,0.7246977913777295,0.8566200535554894,0.7850675705811516,0.8686125983863406,0.7161835011697691
246,-0.07046020428863584,-0.1936704866840563,0.0977996491987123,0.7796971011041978,0.13428472953727277,-0.29695386035747,-0.6973964595110794,0.3809050466244016,0.040463080782406825,0.7251903590668834,0.8568208866408807,0.785562301565198,0.8682098005417385,0.7172820669311362
247,-0.07063451635158921,-0.19402326514239876,0.09801308672365915,0.7789871416444828,0.1344987231843653,-0.29635819428779775,-0.6966988288873892,0.3802733986532074,0.04146635109649247,0.7241131519197533,0.857237429336507,0.7860956011011178,0.869244799369023,0.7174651612246974
248,-0.07036934297342176,-0.1933074095611621,0.09765467336401205,0.7798374144082417,0.13389515468323543,-0.29645736582404114,-0.6972196839230157,0.38046161357714425,0.04145305469857786,0.724561027031097,0.8575126450461172,0.7865388901270337,0.8695823580140446,0.7179737564845896
249,-0.06997992434256015,-0.19203614765661103,0.0970818481532532,0.7812939749098871,0.13270067997085366,-0.2969150806067029,-0.6982197255914185,0.3810338470052221,0.041391797044227956,0.7251053423626788,0.8577804224933055,0.7870824053452116,0.8694796407922254,0.7189502593835826
250,-0.06948615244551759,-0.19040026710931246,0.09635085250343245,0.7833019160877892,0.13109948286697637,-0.29774659579520507,-0.6998447933025731,0.3820329300616466,0.04128097427205776,0.7258848782724038,0.8581300208271347,0.7878632839871426,0.8690680669382147,0.7205370765944461
251,-0.06897771873955272,-0.18867337129407968,0.09558871534019464,0.7850608449999736,0.1295185312102468,-0.29814328194017864,-0.7009073375752511,0.38257021991414203,0.04122831350954894,0.7265667917215893,0.8585019339482297,0.7885417014039416,0.8692104102337892,0.7215746109246262
252,-0.0687646332355012,-0.18815601099267654,0.09531421236185672,0.7859172466512774,0.12900495211472762,-0.298494196606886,-0.7019907160493543,0.3830758028542554,0.0411818408583828,0.7273244038570534,0.8589333531686998,0.7892941660093103,0.86950455302066,0.7226324890652019
253,-0.06835379772427275,-0.18667028103874828,0.09468194532200419,0.7878990221408693,0.12736904204098198,-0.2993861035808644,-0.7035848475824205,0.38410154183473033,0.04197908521906035,0.7269705244617828,0.8595358524248735,0.790559425047691,0.8690775195688751,0.7250534025022887
254,-0.06846302613214644,-0.18674069897757883,0.09478779051858287,0.7881941587001323,0.12697447575460907,-0.30034730462445414,-0.7059391123434522,0.38535690452527893,0.04185036202571871,0.7283755173060901,0.8602796786670633,0.7919592424410234,0.8691625136744865,0.7273522530770014
255,-0.06827167616051583,-0.18553523045229825,0.09438913445178607,0.7896598904146981,0.12533420278696683,-0.3017738490304166,-0.709043408355786,0.38713772574538774,0.041660769077930315,0.7300343266523084,0.861105325795894,0.793616057119489,0.8688350031460239,0.7303834808259587
256,-0.06809938516141922,-0.18521790695058182,0.09419067284732255,0.7904603843100572,0.12492895981345964,-0.30194104093184726,-0.7098875086375501,0.3874334038469861,0.04254473278037377,0.7297186333108697,0.8618789050877715,0.7949060625807663,0.8695389522520781,0.7320720170888008
257,-0.06840196641285817,-0.18576554007804025,0.0945514340348803,0.7905230145579483,0.12469877043512345,-0.30344387113492005,-0.71334598607411,0.3893491917661134,0.04234294848824805,0.7316563889485537,0.8628830705147278,0.7968391818021513,0.869411510064693,0.7354490896144847
258,-0.06849653301180958,-0.18606275822507434,0.0946920507664077,0.7905778647223242,0.12471314550406909,-0.3036644630943279,-0.7140025785430486,0.3896473994198008,0.04321315716798709,0.7310734606680251,0.8634706932460577,0.7978635537690655,0.8697478991596639,0.7369545315837657
259,-0.06855823003520595,-0.18573156104467825,0.09467377469641104,0.7905420972247801,0.12413324917625213,-0.30389332048565876,-0.7149817860100264,0.39003470197863155,0.043182019282724096,0.7318519051057351,0.8639467420410593,0.7986348874332581,0.8702495201535508,0.7379106906723629
260,-0.06880838656855287,-0.18623652359066545,0.09498220236333213,0.7905796394502191,0.12403442700797662,-0.30480811319877027,-0.716700922751643,0.3911048904149126,0.043952902955662405,0.7315848938385564,0.8646161856590301,0.799978020770372,0.8699091778202677,0.7404536669718238
261,-0.06881038944048756,-0.18581991965073752,0.09490193972154534,0.7917899667294167,0.12299841443376047,-0.30616472668290945,-0.7185557969265718,0.39253781565951157,0.04554426117253981,0.7299160208228094,0.8652856292770009,0.801529812718486,0.8687111026652098,0.7439934899806734
262,-0.06875457809071228,-0.1853225991074272,0.09475669432672676,0.7926825952202949,0.12216403786082353,-0.30613929353492836,-0.7171820001287147,0.39216985621687034,0.049083563994132544,0.7244144325740779,0.8656649806605177,0.8024286183130949,0.8679446219382322,0.7461092462618248
263,-0.06890325362763627,-0.18503715554820876,0.09481772703027518,0.7928431364905378,0.12137492859528387,-0.30618315445655847,-0.7165266681559729,0.39202272171519037,0.05171116396710155,0.720638166958175,0.866155905980363,0.8034216046145779,0.8676293622141997,0.7480622520598108
264,-0.06911295250000449,-0.18542538896317706,0.09506827570071558,0.7929309379817644,0.1212584693677905,-0.30517172396921854,-0.7124349534442932,0.39025969701869967,0.05798190062099137,0.7105035895086605,0.8665575721511455,0.8043279089044981,0.8669848809047944,0.7501169769097752
265,-0.06925201888764804,-0.18548501626303437,0.09519335002914825,0.7931307345944264,0.12089881972542593,-0.304015350467369,-0.7080098915098126,0.3883119455623394,0.06423978042252433,0.7003089779773322,0.8668625409104433,0.8050493938766842,0.8663556659946552,0.7518462007934086
266,-0.0695008280450905,-0.1856598311740576,0.09543034599366215,0.7930883052784101,0.12048951053244983,-0.29838670505138715,-0.690724437056096,0.37990390926557926,0.08418825524780776,0.6678252422460965,0.8673534662302886,0.8060724034059398,0.8658941170973319,0.7539823008849558
267,-0.06960601432525076,-0.1860403569897594,0.09559711744457289,0.7931487749149148,0.12056646503531321,-0.29317191349643684,-0.6755943770777254,0.3723208261279249,0.1014348370877524,0.6409005114110075,0.867978280273728,0.8071494540120606,0.8662080223880597,0.7556301495270064
268,-0.06993928476236089,-0.1867099013788075,0.09600317329163202,0.7926364451693536,0.12074229647213164,-0.2871542105151924,-0.6574547203655814,0.3634255115403875,0.12133760878630918,0.6100647698748484,0.8682386194584945,0.807724036123654,0.8658227258976566,0.7569321533923303
269,-0.07028250119272772,-0.18738407032741555,0.0964188863350891,0.7921031621823942,0.12088169636582591,-0.28053257603235265,-0.6377947971975064,0.35370386884716454,0.14299945789380136,0.5778168089919665,0.8686700386789646,0.808548936262497,0.8656976339192421,0.7584782829824026
270,-0.07082463748822682,-0.18817034384748266,0.09701561572193737,0.7911079372531084,0.12088051428375446,-0.26978259257458886,-0.6059929463353109,0.3379594040361322,0.1772967726647616,0.5287370898687175,0.8691312109491223,0.8094567665915785,0.865450082212084,0.7602685382972231
271,-0.07119077750089192,-0.1888522203953572,0.09745149096169281,0.7906911617313748,0.12093396315097193,-0.25580634310443856,-0.5646212462828417,0.31749019179152677,0.2214207366739782,0.46916340007628027,0.8695775066944362,0.8103776441579789,0.8650289751344862,0.762221544095209
272,-0.07145644704906251,-0.1893721061654563,0.09777440144460195,0.7904554174982823,0.12093436456681828,-0.23921602455542007,-0.5161267703353961,0.2933392372763058,0.27281035678141563,0.4049282755913004,0.8701576911633443,0.8114454838082483,0.8650024180733713,0.7641338622724037
273,-0.07150869424920547,-0.18965748412808525,0.09787971841745496,0.7910032078748331,0.1208495233124457,-0.22355766643557118,-0.46979842108805814,0.270409753582735,0.3219352538843267,0.3476364377383214,0.8707081225825647,0.812552571983177,0.864578313253012,0.7664327128471162
274,-0.07184668050198134,-0.19059236672166935,0.09834813085230454,0.7907453203061698,0.12113802611741886,-0.20023192156025954,-0.40159162134492565,0.23645077889892152,0.39365178179522775,0.27119726460297744,0.8714593870871764,0.8139407185693213,0.864490897447626,0.7689756891465771
275,-0.07221079945078973,-0.19118939408102298,0.09876442552936801,0.7902317064175912,0.12113330728888394,-0.18821304646161682,-0.3661867141323917,0.2188867327642509,0.4309153617090118,0.23423263389816795,0.8719205593573341,0.8148235774893265,0.8643000547545172,0.7707049130302106
276,-0.07235745392385706,-0.19130507366660987,0.09890840066427536,0.7902904070258464,0.12082647190439921,-0.17523105976274833,-0.3282513968188605,0.19998526898520533,0.470863635943433,0.1968188633087603,0.872515620351086,0.8158858726594979,0.8643647289115491,0.772556199776218
277,-0.0726028946415383,-0.19139658090896539,0.09912577754430928,0.7900873375716985,0.12036189120867946,-0.16348745038591472,-0.29400247266136803,0.1828969132033973,0.5070406237915072,0.16468693023051129,0.8731999404939006,0.8170785359415408,0.8645487987647033,0.7745498931949955
278,-0.0720593927782126,-0.1896017926235979,0.098322672942072,0.7920414613479195,0.11873236108752161,-0.15755366178149163,-0.27627949997772516,0.17415578118470315,0.5258269972382998,0.14833577144186638,0.8736759892889021,0.817968423421975,0.8644148430066603,0.7762587732682331
279,-0.07196599603721665,-0.1887105645603273,0.09806418128424338,0.7925729685070128,0.11767966394753426,-0.1543572732357372,-0.26686622242218894,0.16947321327156048,0.5359795092560692,0.13981453179304792,0.8740776554596846,0.8186677235188894,0.8645145235725273,0.7774387142711829
280,-0.07147155045222187,-0.1869142347551066,0.09729929649397018,0.7943694815681983,0.11601366815518455,-0.15176417933936612,-0.2587964357345197,0.16556469196700951,0.5447144083467561,0.13230067183179373,0.8745165129425766,0.8194949711106354,0.8643493962306737,0.7790662191028379
281,-0.07138692984652706,-0.1865326593939728,0.09715306388213978,0.7943009747640108,0.11574684551212533,-0.1512454359190161,-0.25850475691456887,0.16509389588459042,0.5455634176932213,0.13260512311126227,0.8748140434394526,0.8197918451259208,0.8653615751520221,0.7787814057572984
282,-0.07161721258528281,-0.1869065271558401,0.0974150654926822,0.7933353594810261,0.1159426908191693,-0.1500541037796715,-0.256609474832987,0.163725014712854,0.5483354248435817,0.1316487140143775,0.8752900922344541,0.8203309185991684,0.8667149747514775,0.7786593428949242
283,-0.0712714607291341,-0.186028680796828,0.09695934834748225,0.794250417018223,0.11531029132894077,-0.14969492368104106,-0.25620352302924754,0.16334150732629332,0.5493337750757211,0.1314614214434917,0.8756843201428146,0.8208854451339099,0.8673732844136431,0.779127250534025
284,-0.07102314774169483,-0.1848798221282879,0.09652360176605226,0.7948376617998845,0.11428408058563644,-0.14892316342580308,-0.2547874275804419,0.16240478638794867,0.5514202577992412,0.13051893417290017,0.876093424576019,0.821434696852757,0.8681712097523395,0.7794730953107517
285,-0.0707357244691813,-0.18408220039823686,0.09613100282324424,0.7955504529033262,0.11368130973742752,-0.14848769753006238,-0.2543606415752774,0.1619567024552682,0.5525468766597145,0.13040267595222443,0.8765471585837549,0.8220561589347172,0.8690044428325324,0.7799206591394569
286,-0.07055770712249054,-0.18344502792610806,0.09585810465031679,0.7960122049855777,0.11313192372124858,-0.14813614601114303,-0.2538921871672628,0.16156601463119544,0.5535343993190625,0.1301445666203307,0.8768893186551622,0.8225379295555675,0.8695760598503741,0.7803275353473705
287,-0.07010254934051902,-0.1826700370194353,0.09533700537195741,0.7971823026489467,0.11277601159296657,-0.14738727149503814,-0.2523510865099068,0.16062095053398284,0.5555870664949495,0.129051161965672,0.877186849152038,0.8229326412645983,0.8701805316157126,0.7805513172617231
288,-0.06987345465164074,-0.1816543722258792,0.09494436427107925,0.7976937524897796,0.11188699645920297,-0.1471812998428403,-0.25264276532985763,0.16052006358154736,0.5559323343108025,0.12960106090091883,0.8775959535852424,0.8234713580776658,0.8710314308408034,0.7808361306072628
289,-0.06923605987731596,-0.1801635257379698,0.09412911408167575,0.7996315362315072,0.11086600819203918,-0.1472035487297614,-0.25250765814464393,0.16049463400203504,0.556294134406643,0.12925297957461002,0.8778116631954775,0.8238636972861693,0.8709984583295547,0.7815685077815074
290,-0.06912041324197393,-0.1795021809226095,0.09389991427471711,0.8000870549553323,0.1101898940325251,-0.14714188323986116,-0.2521850431466047,0.16036341508379726,0.5567959350555965,0.12880805400877926,0.8779753049687593,0.8241599228254461,0.8709787041232442,0.782117790662191
291,-0.06853966283140372,-0.1782201283790853,0.09317291451718403,0.8017382093314396,0.10938714038491504,-0.14724105477610455,-0.2526017271751059,0.16052963308495327,0.5566296624082778,0.12912766186327995,0.8781761380541505,0.8244737857418443,0.871175231581093,0.7825246668701048
292,-0.06817671374055068,-0.17744822051211906,0.09272480226755592,0.8028334772589257,0.10889866547245841,-0.14711073206880504,-0.25211243856566634,0.16030905964485898,0.5572458403404574,0.12858977343788913,0.8782877119904791,0.8246777598011379,0.8711517566099239,0.7829111992676229
293,-0.0678741142971897,-0.1767323649308825,0.09233619995972245,0.8038214490374764,0.1083845464561467,-0.14708720947745993,-0.251748155164777,0.16019913053829068,0.5576822293234311,0.12805717327348798,0.8783844094019637,0.8248864707394395,0.8709881708999615,0.783419794527515
294,-0.06788574451032692,-0.17612244784169173,0.0922182019325908,0.8038780411958566,0.10763870627487082,-0.14724740965139158,-0.2521856733947032,0.1604178896532538,0.5574136948188041,0.12832598830526476,0.8785406129128236,0.8251507136814829,0.87104941899896,0.7838470145458244
295,-0.06741507371353173,-0.17494941682992016,0.0916008500531469,0.8053049417941167,0.10681826219554325,-0.1471857441614913,-0.2518005557923888,0.1602734725813475,0.5579132859988257,0.127817243373599,0.8786596251115739,0.8253818734545765,0.8709619120769891,0.7843352659953209
296,-0.06746648789969545,-0.17482393055420264,0.0916160880590695,0.8052683271258231,0.10655883728390958,-0.14707067861361384,-0.2513946039886493,0.16008253211179047,0.55850168372583,0.1273505835474381,0.8788158286224338,0.8256533184941036,0.8709895915648778,0.7848031736344218
297,-0.0673793318682187,-0.1744546873518953,0.0914704570298065,0.805586863226014,0.10620361783666143,-0.1472156216281234,-0.25176961961430044,0.1602760576407724,0.5582587790883994,0.127571630516369,0.8789422790836061,0.8258706467661691,0.8710223425863236,0.7851693622215441
298,-0.06707841664473829,-0.17358146555244303,0.09105031638308841,0.8066493149648255,0.10548790066850244,-0.1476504506716521,-0.2524988166641775,0.16077304592115094,0.5575313312588486,0.12782001249630326,0.8790389764950908,0.8261157802442207,0.8706921811256114,0.7858813955853932
299,-0.06705295763665803,-0.17305485613191995,0.09092029178516403,0.806921971542157,0.10485549276018125,-0.14771847103683935,-0.25219703586756337,0.16074852756212754,0.5578127127872138,0.12724592985481187,0.879091044332044,0.8262816470915133,0.8703620317002881,0.7864510222764723
300,-0.06723232235925325,-0.17292782833634912,0.09103606977553856,0.8065218562319996,0.10445665403990367,-0.14788629979048198,-0.25259288569463945,0.16096450562413467,0.5575326160195576,0.12746124709106632,0.8792100565307944,0.8264934343380381,0.8703587020117917,0.7868375546739904
